name,red,date
U fathers,0.008186544,8/14/25
U fathers,0.057062261,8/14/25
U fathers,0.011376009,8/14/25
U fathers,0.00965338,8/14/25
U fathers,0.14970941,8/14/25
U fathers,0.099307891,8/14/25
U fathers,0.012536612,8/15/25
U fathers,0.014309747,8/15/25
U fathers,0.002503963,8/15/25
U fathers,0.011116467,8/15/25
U fathers,0.008346545,8/15/25
U fathers,0.00235552,8/15/25
U fathers,0.001575988,8/18/25
U fathers,0.004108818,8/18/25
U fathers,0.006188988,8/18/25
U fathers,0.036239869,8/19/25
U fathers,0.002210848,8/19/25
U fathers,0.006084541,8/19/25
U fathers,0.001991176,8/19/25
U fathers,0.02331685,8/19/25
U fathers,0.005296897,8/19/25
U fathers,0.008614081,8/19/25
U fathers,0.01927831,8/20/25
U fathers,0.006542217,8/20/25
U fathers,0.007980985,8/20/25
U fathers,0.010643981,8/20/25
U fathers,0.001298148,8/20/25
U fathers,0.028930702,8/20/25
U fathers,0.018355542,8/21/25
U fathers,0.02192822,8/21/25
U fathers,0.181651241,8/21/25
U fathers,0.003170184,8/21/25
U fathers,0.014205359,8/21/25
U fathers,0.021735546,8/21/25
U fathers,0.004659851,8/21/25
U fathers,0.016731521,8/21/25
U fathers,0.007384446,8/22/25
U fathers,0.013305869,8/22/25
U fathers,0.029144905,8/22/25
U fathers,0.001197421,8/22/25
U fathers,0.009995396,8/22/25
U fathers,0.034246716,8/25/25
U fathers,0.024055263,8/25/25
U fathers,0.00267676,8/25/25
U fathers,0.013274288,8/25/25
U fathers,0.008701822,8/26/25
U fathers,0.031793128,8/26/25
U fathers,0,8/26/25
U fathers,0.018325297,9/1/25
U fathers,0.010542527,9/1/25
U fathers,0.005144224,9/1/25
U fathers,0.005389649,9/1/25
U fathers,0.037066027,9/1/25
U fathers,0.001189122,9/1/25
U fathers,0.059285362,9/1/25
U fathers,0.024825735,9/1/25
U fathers,0.003203214,9/1/25
U fathers,0.002411177,9/2/25
U fathers,0.001609994,9/2/25
U fathers,0.003367771,9/2/25
U fathers,0.047840263,9/2/25
U fathers,0.061706325,9/2/25
U fathers,0.015541191,9/2/25
U fathers,0.020681399,9/12/25
U fathers,0.001310016,9/12/25
U fathers,0.003508406,9/12/25
U fathers,0.009733627,9/12/25
U fathers,0.009678266,9/12/25
U fathers,0.037346533,9/12/25
U fathers,0.012764802,9/12/25
U fathers,0.003264406,9/12/25
U fathers,0.207240898,9/12/25
U fathers,0.011984973,9/12/25
U fathers,0.017823832,9/12/25
U fathers,0.004611582,9/12/25
U fathers,0.010775774,9/12/25
U fathers,0.00725589,9/12/25
U fathers,0.042477371,9/12/25
U fathers,0.015452312,9/12/25
U fathers,0.002079897,9/15/25
U fathers,0.020433764,9/15/25
U fathers,0.111495299,9/15/25
U fathers,0.053896021,9/15/25
U fathers,0.033659965,9/15/25
U fathers,0.023816379,9/15/25
U fathers,0.025413597,9/15/25
U fathers,0.011098409,9/15/25
U fathers,0,9/15/25
U fathers,0.033832105,9/16/25
U fathers,0.009205313,9/16/25
U fathers,0.07208801,9/16/25
U fathers,0.012521119,9/16/25
U fathers,0.005202762,9/16/25
U fathers,0.025932093,9/16/25
U fathers,0.002904807,9/16/25
U fathers,0.00194187,9/16/25
U fathers,0.028678795,9/16/25
U fathers,0.011100629,9/17/25
U fathers,0.002440449,9/17/25
U fathers,0.004988801,9/17/25
U fathers,0.018440784,9/17/25
U fathers,0.00431003,9/17/25
U fathers,0.001696792,9/17/25
U fathers,0.021272575,9/22/25
U fathers,0.110345042,9/22/25
U fathers,0.00033088,9/22/25
U fathers,0.019724249,9/22/25
U fathers,0.011435315,9/22/25
U fathers,0.008058825,9/22/25
U fathers,0.020600383,9/22/25
U fathers,0.002495361,9/22/25
U fathers,9.9212E-06,9/23/25
U fathers,0.005734135,9/23/25
U fathers,0.005083767,9/23/25
U fathers,0.000878128,9/23/25
U fathers,0.042369025,9/23/25
U fathers,0.012931953,9/23/25
U fathers,0.023941772,9/24/25
U fathers,0.015133629,9/24/25
U fathers,0.003581962,9/24/25
U fathers,0.017446173,9/24/25
U fathers,0.009800415,9/24/25
U fathers,0.000215752,9/25/25
U fathers,0.005385073,9/25/25
U fathers,0.037880175,9/25/25
U fathers,0.000563738,9/25/25
U fathers,0.00306231,9/25/25
U fathers,0.003037352,9/29/25
U fathers,0.042037473,9/29/25
U fathers,0.006506307,9/29/25
U fathers,0.063505109,9/29/25
U fathers,0.0139566,9/29/25
U fathers,0.023822737,9/29/25
U fathers,0.00601842,9/29/25
U fathers,0.005208333,9/29/25
U fathers,0.01112431,9/30/25
U fathers,0.041347273,9/30/25
U fathers,0.008433052,9/30/25
U fathers,0.026202688,9/30/25
U fathers,0.011623246,9/30/25
U fathers,0.002122327,9/30/25
U fathers,0.004454774,9/30/25
U fathers,0.004646187,9/30/25
U fathers,0.109914294,10/1/25
U fathers,0.058436206,10/1/25
U fathers,0.005343629,10/1/25
U fathers,0.018206913,10/1/25
U fathers,0.020258503,10/1/25
U fathers,0.023688035,10/1/25
U fathers,0.047606914,10/1/25
U fathers,0.015797178,10/1/25
U fathers,0.006305401,10/1/25
I fathers,0.043666881,8/14/25
I fathers,0.004490404,8/14/25
I fathers,0.003309122,8/14/25
I fathers,0.001413756,8/14/25
I fathers,0.077674352,8/14/25
I fathers,0.009497672,8/14/25
I fathers,0.010990699,8/14/25
I fathers,0.007194092,8/15/25
I fathers,0.047455056,8/15/25
I fathers,4.25306E-05,8/15/25
I fathers,0.005117479,8/15/25
I fathers,0.004587577,8/15/25
I fathers,0.021975249,8/15/25
I fathers,0.021860112,8/18/25
I fathers,0.034585414,8/18/25
I fathers,0.003305719,8/18/25
I fathers,0.000243793,8/18/25
I fathers,0.001449912,8/19/25
I fathers,0.023735541,8/19/25
I fathers,0.008245399,8/19/25
I fathers,0.000040012,8/19/25
I fathers,0,8/19/25
I fathers,0.000595641,8/19/25
I fathers,0.06797064,8/21/25
I fathers,0.000457931,8/21/25
I fathers,0.000776977,8/21/25
I fathers,6.11403E-05,8/21/25
I fathers,0.00560927,8/21/25
I fathers,0.019112726,8/21/25
I fathers,0.061299121,8/21/25
I fathers,0.005219833,8/21/25
I fathers,0.063576723,8/21/25
I fathers,0.047077606,8/22/25
I fathers,0.060719824,8/22/25
I fathers,0.002066698,8/22/25
I fathers,0.013703062,8/22/25
I fathers,0.000123714,8/25/25
I fathers,0.000319905,8/25/25
I fathers,0.004841809,8/25/25
I fathers,0.004060372,8/25/25
I fathers,0.063790291,8/25/25
I fathers,2.28473E-06,8/25/25
I fathers,0.005465052,8/26/25
I fathers,0.01195731,8/26/25
I fathers,0.042345277,8/26/25
I fathers,0.004792446,8/26/25
I fathers,0,8/26/25
I fathers,0.020539661,8/26/25
I fathers,0.019226243,8/26/25
I fathers,0.067884117,8/27/25
I fathers,0.087344155,8/27/25
I fathers,0.002965611,8/27/25
I fathers,0.000478937,8/27/25
I fathers,0.002456461,8/27/25
I fathers,0.011375336,9/1/25
I fathers,0.004209972,9/1/25
I fathers,0.046050214,9/1/25
I fathers,0.020349487,9/1/25
I fathers,0.016019642,9/1/25
I fathers,0.119428319,9/1/25
I fathers,0.00233859,9/2/25
I fathers,0.012365909,9/2/25
I fathers,0.004312168,9/2/25
I fathers,0.004369672,9/2/25
I fathers,0.020562925,9/2/25
I fathers,0.063827639,9/12/25
I fathers,0.064511822,9/12/25
I fathers,0.030268592,9/12/25
I fathers,0.012400547,9/12/25
I fathers,1.11649E-06,9/12/25
I fathers,0.103377871,9/12/25
I fathers,0.040004545,9/12/25
I fathers,0.00094516,9/12/25
I fathers,0.14073607,9/12/25
I fathers,0.00689408,9/12/25
I fathers,0.000455406,9/12/25
I fathers,0.026513155,9/12/25
I fathers,0.005064214,9/12/25
I fathers,0,9/15/25
I fathers,0,9/15/25
I fathers,0.014987923,9/15/25
I fathers,0.000349632,9/15/25
I fathers,0.04919444,9/15/25
I fathers,2.72335E-07,9/15/25
I fathers,0.015926995,9/15/25
I fathers,0.005391218,9/15/25
I fathers,0,9/15/25
I fathers,0.024247949,9/15/25
I fathers,2.06554E-05,9/16/25
I fathers,0,9/16/25
I fathers,0,9/16/25
I fathers,0.095104984,9/16/25
I fathers,1.01812E-05,9/16/25
I fathers,0.007403746,9/16/25
I fathers,0.019206907,9/16/25
I fathers,0.001325324,9/16/25
I fathers,0.003055673,9/16/25
I fathers,0,9/16/25
I fathers,2.03662E-05,9/16/25
I fathers,0.007183938,9/17/25
I fathers,0.000329894,9/17/25
I fathers,0.000533301,9/17/25
I fathers,0.001016793,9/17/25
I fathers,0.000741964,9/17/25
I fathers,0.045357001,9/17/25
I fathers,0.023628675,9/22/25
I fathers,0.080414134,9/22/25
I fathers,8.37595E-06,9/22/25
I fathers,0.002171483,9/22/25
I fathers,0.001801149,9/22/25
I fathers,0.015895458,9/22/25
I fathers,0.030174848,9/22/25
I fathers,1.03291E-05,9/22/25
I fathers,0.020385384,9/22/25
I fathers,0.003604292,9/23/25
I fathers,0.007786204,9/23/25
I fathers,0.003996452,9/23/25
I fathers,0.002512277,9/23/25
I fathers,0.007914607,9/23/25
I fathers,0.002341823,9/23/25
I fathers,0.001911385,9/24/25
I fathers,0.017584746,9/24/25
I fathers,0.007666142,9/24/25
I fathers,0.00666653,9/24/25
I fathers,0.015388324,9/24/25
I fathers,0.00220311,9/24/25
I fathers,0.002904172,9/29/25
I fathers,0.017251097,9/29/25
I fathers,0.000300717,9/29/25
I fathers,0.093878011,9/29/25
I fathers,0.002941534,9/29/25
I fathers,0.003678195,9/29/25
I fathers,0.036500246,9/29/25
I fathers,0.001613053,9/29/25
I fathers,0.005271869,9/29/25
I fathers,0.017291212,9/29/25
I fathers,0.003179667,9/29/25
I fathers,0.037211189,9/30/25
I fathers,0.070247513,9/30/25
I fathers,0.002843774,9/30/25
I fathers,0.002086863,9/30/25
I fathers,0.005148519,9/30/25
I fathers,0.045152329,9/30/25
UxU_c1dx,0.374436825,8/14/25
UxU_c1dx,0.209578212,8/14/25
UxU_c1dx,0.284396587,8/14/25
UxU_c1dx,0.645974462,8/14/25
UxU_c1dx,0.678542339,8/14/25
UxU_c1dx,0.726880839,8/14/25
UxU_c1dx,0.300879306,8/14/25
UxU_c1dx,0.417706638,8/14/25
UxU_c1dx,0.636533159,8/14/25
UxU_c1dx,0.151103153,8/15/25
UxU_c1dx,0.022381342,8/15/25
UxU_c1dx,0.144882125,8/15/25
UxU_c1dx,0.378974446,8/15/25
UxU_c1dx,0.007725731,8/15/25
UxU_c1dx,0.057781841,8/15/25
UxU_c1dx,0.01811039,8/18/25
UxU_c1dx,0.240415763,8/18/25
UxU_c1dx,0.007351745,8/18/25
UxU_c1dx,0.102371513,8/18/25
UxU_c1dx,0.014713401,8/18/25
UxU_c1dx,0.544970426,8/18/25
UxU_c1dx,0.274287212,8/19/25
UxU_c1dx,0.174805983,8/19/25
UxU_c1dx,0.362438056,8/19/25
UxU_c1dx,0.083406479,8/19/25
UxU_c1dx,0.062048611,8/19/25
UxU_c1dx,0.20887999,8/19/25
UxU_c1dx,0.458989394,8/19/25
UxU_c1dx,0.072428551,8/19/25
UxU_c1dx,0.342648615,8/19/25
UxU_c1dx,0.232001734,8/20/25
UxU_c1dx,0.409600822,8/20/25
UxU_c1dx,0.050997783,8/20/25
UxU_c1dx,0.08920136,8/20/25
UxU_c1dx,0.020504067,8/20/25
UxU_c1dx,0.353560147,8/21/25
UxU_c1dx,0.026148354,8/21/25
UxU_c1dx,0.52205686,8/21/25
UxU_c1dx,0.077740227,8/21/25
UxU_c1dx,0.365726607,8/21/25
UxU_c1dx,0.008884482,8/21/25
UxU_c1dx,0.360003214,8/21/25
UxU_c1dx,0.27398387,8/21/25
UxU_c1dx,0.324264365,8/21/25
UxU_c1dx,0.100566686,8/21/25
UxU_c1dx,0.06742485,8/21/25
UxU_c1dx,0.044958123,8/22/25
UxU_c1dx,0.313257056,8/22/25
UxU_c1dx,0.190012964,8/22/25
UxU_c1dx,0.236306016,8/22/25
UxU_c1dx,0.052100303,8/22/25
UxU_c1dx,0.022797969,8/22/25
UxU_c1dx,0.453124358,8/22/25
UxU_c1dx,0.035131744,8/22/25
UxU_c1dx,0.375565153,8/22/25
UxU_c1dx,0.143473451,8/22/25
UxU_c1dx,0.222507878,8/22/25
UxU_c1dx,0.091891132,8/22/25
UxU_c1dx,0.108065985,8/22/25
UxU_c1dx,0.537685859,8/25/25
UxU_c1dx,0.39687327,8/25/25
UxU_c1dx,0.152055693,8/25/25
UxU_c1dx,0.124034197,8/25/25
UxU_c1dx,0.076318402,8/25/25
UxU_c1dx,0.040564848,8/25/25
UxU_c1dx,0.604317486,8/25/25
UxU_c1dx,0.246898139,8/25/25
UxU_c1dx,0.436737623,8/25/25
UxU_c1dx,0.271361531,8/25/25
UxU_c1dx,0.687634623,8/25/25
UxU_c1dx,0.103618239,8/25/25
UxU_c1dx,0.050369827,8/25/25
UxU_c1dx,0.163659005,8/25/25
UxU_c1dx,0.21158451,8/26/25
UxU_c1dx,0.212157091,8/26/25
UxU_c1dx,0.044232707,8/26/25
UxU_c1dx,0.069956572,8/26/25
UxU_c1dx,0.044910695,9/1/25
UxU_c1dx,0.068360465,9/1/25
UxU_c1dx,0.011041501,9/1/25
UxU_c1dx,0.007460256,9/1/25
UxU_c1dx,0.069903604,9/1/25
UxU_c1dx,0.050418522,9/1/25
UxU_c1dx,0.009122019,9/1/25
UxU_c1dx,0.268005006,9/1/25
UxU_c1dx,0.034588786,9/1/25
UxU_c1dx,0.324594396,9/1/25
UxU_c1dx,0.374360248,9/1/25
UxU_c1dx,0.311922943,9/1/25
UxU_c1dx,0.027691825,9/1/25
UxU_c1dx,0.009001489,9/1/25
UxU_c1dx,0.073453569,9/1/25
UxU_c1dx,0.244987026,9/2/25
UxU_c1dx,0.177525949,9/2/25
UxU_c1dx,0.098955514,9/2/25
UxU_c1dx,0.006501977,9/2/25
UxU_c1dx,0.209934826,9/2/25
UxU_c1dx,0.084012942,9/2/25
UxU_c1dx,0.372196862,9/2/25
UxU_c1dx,0.027912079,9/2/25
UxU_c1dx,0.066993651,9/12/25
UxU_c1dx,0.013664571,9/12/25
UxU_c1dx,0.3068456,9/12/25
UxU_c1dx,0.078617173,3/27/26
UxU_c1dx,0.010393587,3/27/26
UxU_c1dx,0.114797352,3/27/26
UxU_c1dx,0.13205355,3/27/26
UxU_c1dx,3.05577E-05,3/27/26
UxU_c1dx,0.002049822,3/27/26
UxU_c1dx,0.001752768,3/27/26
UxU_c1dx,0.003036591,3/27/26
UxU_c1dx,0.047598529,3/27/26
UxU_c1dx,0.077925866,3/27/26
UxU_c1dx,0.100534813,3/27/26
UxU_c1dx,0.067161857,3/30/26
UxU_c1dx,0.003062364,3/30/26
UxU_c1dx,0.004313089,3/30/26
UxU_c1dx,0.000196228,3/30/26
UxU_c1dx,0.083134621,3/30/26
UxU_c1dx,0.007104383,3/30/26
UxU_c1dx,0.056913836,3/30/26
UxU_c1dx,0.201204626,3/30/26
UxU_c1dx,0.093306025,3/30/26
UxU_c1dx,0.119224919,3/30/26
UxU_c1dx,0.222945541,3/30/26
UxU_c1dx,0.222812522,3/30/26
UxU_c1dx,0.24269474,3/30/26
UxU_c1dx,0.036029486,3/30/26
UxU_c1dx,0.034609104,3/30/26
UxU_c1dx,0.014059628,3/30/26
UxU_c1dx,0.015045729,3/30/26
UxU_c1dx,0.000354262,3/30/26
UxU_c1dx,0.080222858,3/30/26
UxU_c1dx,0.003484076,3/31/26
UxU_c1dx,0.0008424,3/31/26
UxU_c1dx,0.294253994,4/1/26
UxU_c1dx,0.086980335,4/1/26
UxU_c1dx,0.088427728,4/1/26
UxU_c1dx,0.001975349,4/1/26
UxU_c1dx,0.057414672,4/1/26
UxU_c1dx,0.076812324,4/1/26
UxU_c1dx,0.001222581,4/1/26
UxU_c1dx,0.001847094,4/1/26
UxU_c1dx,0.072755151,4/1/26
UxU_c1dx,0.112002098,4/1/26
UxU_c1dx,0.027105968,4/1/26
UxU_c1dx,0.023798366,4/1/26
UxU_c1dx,0.02672335,4/1/26
UxU_c1dx,0.180867951,4/1/26
UxU_c1dx,0.331912418,4/1/26
UxU_c1dx,0.011386376,4/1/26
UxU_c1dx,0.16293113,4/1/26
UxU_c1dx,0.008430904,4/1/26
UxU_c1dx,0.145164034,4/1/26
UxU_c1dx,0.066978178,4/1/26
UxU_c1dx,0.012568273,4/1/26
UxU_c1dx,0.052248154,4/1/26
UxU_c1dx,0.034865341,4/1/26
UxU_c1dx,0.019841842,4/1/26
UxU_c1dx,0.182675416,4/1/26
UxU_c1dx,0.021981012,4/1/26
UxU_c1dx,0.005214815,4/1/26
UxU_c1dx,0.097199887,4/1/26
UxU_c1dx,0.008375979,4/1/26
UxU_c1dx,0.016243009,4/1/26
UxU_c1dx,0.053119569,4/2/26
UxU_c1dx,0.013568065,4/2/26
UxU_c1dx,0.002852224,4/2/26
UxU_c1dx,0.011134542,4/2/26
UxU_c1dx,0.202739809,4/2/26
UxU_c1dx,0.124855763,4/2/26
UxU_c1dx,0.120530206,4/2/26
UxU_c1dx,0.097651185,4/2/26
UxU_c1dx,0.003156335,4/2/26
UxU_c1dx,0.002207707,4/2/26
UxU_c1dx,0.047465452,4/2/26
UxU_c1dx,0.019151764,4/2/26
UxU_c1dx,0.001748794,4/2/26
UxU_c1dx,0.013450245,4/2/26
UxU_c1dx,0.002471516,4/2/26
UxU_c1dx,0.027637531,4/2/26
UxU_c1dx,0.037401295,4/2/26
UxU_c1dx,0.084106558,4/2/26
UxU_c1dx,0.002721225,4/2/26
UxU_c1dx,0.193974198,4/3/26
UxU_c1dx,0.156850608,4/3/26
UxU_c1dx,0.018765012,4/3/26
UxU_c1dx,0.267200368,4/3/26
UxU_c1dx,0.044939931,4/3/26
UxU_c1dx,0.151482752,4/3/26
UxU_c1dx,0.006051768,4/3/26
UxU_c1dx,0.212819389,4/3/26
UxU_c1dx,0.092006837,4/3/26
UxU_c1dx,0.038442033,4/3/26
UxU_c1dx,0.10595679,4/3/26
UxU_c1dx,0.315278803,4/3/26
UxU_c1dx,0.185262086,4/3/26
UxU_c1dx,0.118896244,4/3/26
UxU_c1dx,0.090931854,4/3/26
UxU_c1dx,0.130204282,4/3/26
UxU_c1dx,0.12872744,4/3/26
UxU_c1dx,0.000258027,4/4/26
UxU_c1dx,0.016426475,4/4/26
UxU_c1dx,0.010930785,4/4/26
UxU_c1dx,0.026857862,4/4/26
UxU_c1dx,0.018247992,4/4/26
UxU_c1dx,0.034351644,4/4/26
UxU_c1dx,0.011624717,4/4/26
UxU_c1dx,0.046761099,4/4/26
UxU_c1dx,0.035251908,4/4/26
UxU_c1dx,0.013791062,4/4/26
UxU_c1dx,0.00273766,4/4/26
UxU_c1dx,0.018692621,4/4/26
UxU_c1dx,0.017002233,4/4/26
UxU_c1dx,0.059028963,4/4/26
UxU_c1dx,0.166965549,4/4/26
UxU_c1dx,0.127788986,4/4/26
UxU_c1dx,0.046031506,4/4/26
UxU_c1dx,0.180849257,4/4/26
UxU_c1dx,0.002675545,4/4/26
UxU_c1dx,0.012339456,4/4/26
UxU_c1dx,0.000592072,4/4/26
UxU_c1dx,0.011803206,4/4/26
UxU_c1dx,0.11332953,4/4/26
UxU_c1dx,0.040892942,4/4/26
UxU_c1dx,0.028507764,4/4/26
UxU_c1dx,0.051863694,4/4/26
UxU_c1dx,0.030320665,4/4/26
UxU_c1dx,0.090970074,4/4/26
UxU_c1dx,0.244041216,4/4/26
UxU_c1dx,0.010886184,4/4/26
UxU_c1dx,0.056315741,4/4/26
UxU_c1dx,0.030885409,4/4/26
UxU_c1dx,0.030653965,4/4/26
UxU_c1dx,0.066923224,4/4/26
UxU_c1dx,0.048546835,4/4/26
UxU_c1dx,0.059590429,4/4/26
UxU_c1dx,0.09459473,4/4/26
UxU_c1dx,0.123186659,4/4/26
UxU_c1dx,0.006916906,4/4/26
UxU_c1dx,0.161979551,4/4/26
UxU_c1dx,0.139359755,4/4/26
UxU_c1dx,0.05,4/4/26
UxU_c1dx,0.037126943,4/4/26
UxU_c1dx,0.001785589,4/4/26
UxU_c1dx,0.003233729,4/4/26
UxU_c1dx,0.001845624,4/4/26
UxU_c1dx,0.01790578,4/4/26
UxU_c1dx,0.009145714,4/4/26
UxU_c1dx,0.000251226,4/4/26
UxU_c1dx,0.01021434,4/4/26
UxU_c1dx,0.028313155,4/4/26
UxU_c1dx,0.019039968,4/4/26
UxU_c1dx,0.018714002,4/4/26
UxU_c1dx,0.004581712,4/4/26
UxU_c1dx,0.002335439,4/4/26
UxU_c1dx,0.002159536,4/4/26
UxU_c1dx,0.050077398,4/5/26
UxU_c1dx,0.023439616,4/5/26
UxU_c1dx,0.126994621,4/5/26
UxU_c1dx,0.124066932,4/5/26
UxU_c1dx,0.088292272,4/5/26
UxU_c1dx,0.055277859,4/6/26
UxU_c1dx,0.03398224,4/6/26
UxU_c1dx,0.006707116,4/6/26
UxU_c1dx,0.014694218,4/6/26
UxU_c1dx,0.039620502,4/6/26
UxU_c1dx,0.157009868,4/6/26
UxU_c1dx,0.01326444,4/6/26
UxU_c1dx,0.049505451,4/6/26
UxU_c1dx,0.276517554,4/6/26
UxU_c1dx,0.020229444,4/6/26
UxU_c1dx,0.239700487,4/6/26
UxU_c1dx,0.091122062,4/6/26
UxU_c1dx,0.258917515,4/6/26
UxU_c1dx,0.03685992,4/6/26
UxU_c1dx,0.017676896,4/6/26
UxU_c1dx,0.094765242,4/6/26
UxU_c1dx,0.087619931,4/6/26
UxU_c1dx,0.043838984,4/6/26
UxU_c1dx,0.119872865,4/6/26
UxU_c1dx,0.113427019,4/6/26
UxU_c1dx,0.090431301,4/6/26
UxU_c1dx,0.015216295,4/6/26
UxU_c1dx,0.036015438,4/6/26
UxU_c1dx,0.012308951,4/7/26
UxU_c1dx,0.000263435,4/7/26
UxU_c1dx,0.018144818,4/7/26
UxU_c1dx,0.010570718,4/7/26
UxU_c1dx,0.003407051,4/7/26
UxU_c1dx,0.01052395,4/7/26
UxU_c1dx,0.016571382,4/8/26
UxU_c1dx,0.142097196,4/8/26
UxU_c1dx,0.046966455,4/8/26
UxU_c1dx,0.142426807,4/8/26
UxU_c1dx,0.016901494,4/8/26
UxU_c1dx,0.043375562,4/8/26
UxU_c1dx,0.029696994,4/8/26
UxU_c1dx,0.045164078,4/8/26
UxU_c1dx,0.002697731,4/8/26
UxU_c1dx,0.057287904,4/8/26
UxU_c1dx,0.006701596,4/8/26
UxU_c1dx,0.018035499,4/8/26
UxU_c1dx,0.007925565,4/8/26
UxU_c1dx,0.069241975,4/8/26
UxU_c1dx,0.008114203,4/13/26
UxU_c1dx,0.22638661,4/13/26
UxU_c1dx,0.00026339,4/13/26
UxU_c1dx,0.077524528,4/13/26
UxU_c1dx,0.026647839,4/13/26
UxU_c1dx,0.139758867,4/13/26
UxU_c1dx,0.001439443,4/13/26
UxU_c1dx,0.012765311,4/14/26
UxU_c1dx,0.007341079,4/14/26
UxU_c1dx,0.017936584,4/14/26
UxU_c1dx,0.017128649,4/14/26
UxU_c1dx,0.488996891,4/14/26
UxU_c1dx,0.053911999,4/14/26
UxU_c1dx,0.030163693,4/14/26
UxU_c1dx,0.158569243,4/14/26
UxU_c1dx,0.005656365,4/14/26
UxU_c1dx,0.014210394,4/14/26
UxU_c1dx,0.203885249,4/14/26
UxU_c1dx,0.102093606,4/14/26
UxU_c1dx,0.083544228,4/14/26
UxU_c1dx,0.092518134,4/14/26
UxU_c1dx,0.074074824,4/14/26
UxU_c1dx,0.004806455,4/14/26
UxU_c1dx,0.153755387,4/14/26
UxU_c1dx,0.057879304,4/14/26
UxU_c1dx,0.013403446,4/14/26
UxU_c1dx,0.055778544,4/14/26
UxU_c1dx,0.002932491,4/14/26
UxU_c1dx,0.029298038,4/14/26
UxU_c1dx,0.223902065,4/14/26
UxU_c1dx,0.037947213,4/14/26
UxU_c1dx,0.079051423,4/14/26
UxU_c1dx,0.094407347,4/14/26
UxU_c1dx,0.015975472,4/14/26
CI_C1dx,0.126632961,8/14/25
CI_C1dx,0.010665219,8/14/25
CI_C1dx,0.741957896,8/14/25
CI_C1dx,0.458422132,8/14/25
CI_C1dx,0.044940661,8/14/25
CI_C1dx,0.893358307,8/14/25
CI_C1dx,0.295250372,8/14/25
CI_C1dx,0.160454199,8/14/25
CI_C1dx,0.022309047,8/14/25
CI_C1dx,0.29680118,8/14/25
CI_C1dx,0.072948052,8/14/25
CI_C1dx,0.4464,8/14/25
CI_C1dx,0.090124813,8/15/25
CI_C1dx,0.078380078,8/15/25
CI_C1dx,0.000773284,8/18/25
CI_C1dx,0.60445332,8/18/25
CI_C1dx,0.046219084,8/18/25
CI_C1dx,8.44108E-07,8/18/25
CI_C1dx,0.219357689,8/18/25
CI_C1dx,0.77485351,8/18/25
CI_C1dx,0.0007195,8/18/25
CI_C1dx,0.034491194,8/18/25
CI_C1dx,0.011655411,8/18/25
CI_C1dx,0.232438099,8/18/25
CI_C1dx,0.960829124,8/18/25
CI_C1dx,0.086716125,8/18/25
CI_C1dx,2.77705E-06,8/18/25
CI_C1dx,0.100241908,8/19/25
CI_C1dx,0.406670885,8/19/25
CI_C1dx,0.001383438,8/19/25
CI_C1dx,0.019581701,8/19/25
CI_C1dx,0.090614461,8/19/25
CI_C1dx,0,8/19/25
CI_C1dx,0.037497134,8/21/25
CI_C1dx,0.004577012,8/21/25
CI_C1dx,0.654192278,8/21/25
CI_C1dx,0.515982014,8/21/25
CI_C1dx,0.745170625,8/21/25
CI_C1dx,0.000294748,8/21/25
CI_C1dx,0.193395284,8/21/25
CI_C1dx,0.557675085,8/21/25
CI_C1dx,0.330571845,8/21/25
CI_C1dx,0.434201323,8/21/25
CI_C1dx,0.053436188,8/21/25
CI_C1dx,0.41820872,8/21/25
CI_C1dx,0.120127629,8/21/25
CI_C1dx,0.766615024,8/21/25
CI_C1dx,0.35296376,8/22/25
CI_C1dx,0.126069238,8/22/25
CI_C1dx,0.577186426,8/22/25
CI_C1dx,0.048255473,8/22/25
CI_C1dx,0.093844215,8/22/25
CI_C1dx,0.817807468,8/22/25
CI_C1dx,0.042324024,8/22/25
CI_C1dx,0.676505466,8/25/25
CI_C1dx,0.003496211,8/25/25
CI_C1dx,0.020768589,8/25/25
CI_C1dx,0.62118515,8/25/25
CI_C1dx,0.499261153,8/25/25
CI_C1dx,0.080021379,8/25/25
CI_C1dx,0.152692127,8/25/25
CI_C1dx,0.181850158,8/25/25
CI_C1dx,0.026436934,8/25/25
CI_C1dx,0.266479467,8/25/25
CI_C1dx,0.006519453,8/25/25
CI_C1dx,0.180850432,8/25/25
CI_C1dx,0.77307004,8/25/25
CI_C1dx,0.325438676,8/25/25
CI_C1dx,0.688595354,8/26/25
CI_C1dx,0.341183852,8/26/25
CI_C1dx,0.111358328,8/26/25
CI_C1dx,0.68579757,8/26/25
CI_C1dx,0.72841777,8/26/25
CI_C1dx,0,8/26/25
CI_C1dx,0.057556143,8/26/25
CI_C1dx,0.50151994,8/26/25
CI_C1dx,0.174599178,8/26/25
CI_C1dx,0.016421946,8/26/25
CI_C1dx,0.011398594,8/26/25
CI_C1dx,0.692704599,8/26/25
CI_C1dx,4.34811E-05,8/26/25
CI_C1dx,0.227107041,8/27/25
CI_C1dx,0.367436887,8/27/25
CI_C1dx,0.805251135,8/27/25
CI_C1dx,0.431705054,8/27/25
CI_C1dx,0.696101893,8/27/25
CI_C1dx,0,8/27/25
CI_C1dx,0.398976041,8/27/25
CI_C1dx,0.505421135,8/27/25
CI_C1dx,0.124781046,8/27/25
CI_C1dx,0.2355081,8/27/25
CI_C1dx,0.315086263,8/27/25
CI_C1dx,0.942409689,9/1/25
CI_C1dx,0.949078633,9/1/25
CI_C1dx,0.542687624,9/1/25
CI_C1dx,0.291750703,9/1/25
CI_C1dx,0.849665196,9/1/25
CI_C1dx,0.54260058,9/1/25
CI_C1dx,0.646571832,9/1/25
CI_C1dx,0.394310208,9/1/25
CI_C1dx,0.060397645,9/1/25
CI_C1dx,0.409373568,9/1/25
CI_C1dx,0.031684449,9/1/25
CI_C1dx,0.015063567,9/1/25
CI_C1dx,0.164406623,9/1/25
CI_C1dx,0.401354379,9/1/25
CI_C1dx,0.399163213,9/1/25
CI_C1dx,0.776644138,9/1/25
CI_C1dx,0.884465512,9/1/25
CI_C1dx,0.415602837,9/1/25
CI_C1dx,0.18184025,9/1/25
CI_C1dx,0.088286128,9/1/25
CI_C1dx,0.116055152,9/1/25
CI_C1dx,0.085193777,9/2/25
CI_C1dx,0.534952826,9/2/25
CI_C1dx,0.668608871,9/2/25
CI_C1dx,0.50667689,9/2/25
CI_C1dx,0.728548332,9/2/25
CI_C1dx,0.214481323,9/2/25
CI_C1dx,0.014388126,9/2/25
CI_C1dx,0.406867974,9/2/25
CI_C1dx,0.50207724,9/2/25
CI_C1dx,0.757028674,9/2/25
CI_C1dx,0.025808499,9/12/25
CI_C1dx,0.363431376,9/12/25
CI_C1dx,0.316303094,9/12/25
CI_C1dx,0.16214984,9/12/25
CI_C1dx,0.208470321,9/12/25
CI_C1dx,0.720855039,9/12/25
CI_C1dx,0.486619634,9/12/25
CI_C1dx,0.283290092,9/12/25
CI_C1dx,0.236057731,9/12/25
CI_C1dx,0.197493644,9/12/25
CI_C1dx,0.297738121,3/27/26
CI_C1dx,0.233214069,3/27/26
CI_C1dx,0.16888101,3/27/26
CI_C1dx,0.307363382,3/27/26
CI_C1dx,0.285575537,3/27/26
CI_C1dx,0.10335666,3/27/26
CI_C1dx,0.058555901,3/27/26
CI_C1dx,0.042607927,3/27/26
CI_C1dx,0.115245762,3/27/26
CI_C1dx,0.065216078,3/29/26
CI_C1dx,0.030328559,3/29/26
CI_C1dx,0.045271934,3/29/26
CI_C1dx,0.138732839,3/29/26
CI_C1dx,0.023453069,3/29/26
CI_C1dx,0.24057264,3/29/26
CI_C1dx,0.367524682,3/29/26
CI_C1dx,0.070523717,3/29/26
CI_C1dx,0.057027274,3/29/26
CI_C1dx,0.054448445,3/29/26
CI_C1dx,0.715941232,3/31/26
CI_C1dx,0.14890218,3/31/26
CI_C1dx,0.190200803,3/31/26
CI_C1dx,0.496575308,4/1/26
CI_C1dx,0.459093361,4/1/26
CI_C1dx,0.35541611,4/2/26
CI_C1dx,0.279576669,4/4/26
CI_C1dx,0.158253305,4/4/26
CI_C1dx,0.40914975,4/4/26
CI_C1dx,0.601615997,4/4/26
CI_C1dx,0.075171324,4/4/26
CI_C1dx,0.152874977,4/5/26
CI_C1dx,0.059663721,4/5/26
CI_C1dx,0.049692509,4/5/26
CI_C1dx,0.102817513,4/5/26
CI_C1dx,0.255593606,4/5/26
CI_C1dx,0.373160976,4/5/26
CI_C1dx,0.426198363,4/5/26
CI_C1dx,0.45472709,4/5/26
CI_C1dx,0.335919543,4/6/26
CI_C1dx,0.238521252,4/6/26
CI_C1dx,0.270473051,4/6/26
CI_C1dx,0.540725565,4/6/26
CI_C1dx,0.422438672,4/6/26
CI_C1dx,0.582925514,4/6/26
CI_C1dx,0.507951774,4/6/26
CI_C1dx,0.332485266,4/6/26
CI_C1dx,0.107538937,4/6/26
CI_C1dx,0.263547315,4/6/26
CI_C1dx,0.093551099,4/6/26
CI_C1dx,0.421288744,4/6/26
CI_C1dx,0.096701233,4/6/26
CI_C1dx,0.228126597,4/6/26
CI_C1dx,0.508240875,4/6/26
CI_C1dx,0.41527903,4/6/26
CI_C1dx,0.044791238,4/7/26
CI_C1dx,0.164328295,4/7/26
CI_C1dx,0.596922311,4/7/26
CI_C1dx,0.041101583,4/7/26
CI_C1dx,0.018081982,4/7/26
CI_C1dx,0.07050471,4/7/26
CI_C1dx,0.03791742,4/7/26
CI_C1dx,0.240634685,4/7/26
CI_C1dx,0.138939123,4/7/26
CI_C1dx,0.21957428,4/7/26
CI_C1dx,0.082514038,4/7/26
CI_C1dx,0.652416301,4/7/26
CI_C1dx,0.452108928,4/7/26
CI_C1dx,0.444953349,4/7/26
CI_C1dx,0.557770905,4/7/26
CI_C1dx,0.318994136,4/13/26
CI_C1dx,0.64571172,4/13/26
CI_C1dx,0.926256995,4/13/26
CI_C1dx,0.23848086,4/13/26
CI_C1dx,0.489719626,4/13/26
CI_C1dx,0.481945983,4/13/26
CI_C1dx,0.597374878,4/13/26
CI_C1dx,0.711258021,4/13/26
CI_C1dx,0.881344293,4/13/26
CI_C1dx,0.828431522,4/13/26
CI_C1dx,0.548739066,4/13/26
CI_C1dx,0.728848246,4/13/26
CI_C1dx,0.594906923,4/13/26
CI_C1dx,0.413303378,4/13/26
CI_C1dx,0.37206034,4/13/26
CI_C1dx,0.349164468,4/13/26
CI_C1dx,0.730718876,4/13/26
CI_C1dx,0.427167445,4/13/26
CI_C1dx,0.845097902,4/13/26
CI_C1dx,0.290119075,4/13/26
CI_C1dx,0.759831023,4/13/26
CI_C1dx,0.741328506,4/13/26
CI_C1dx,0.23317118,4/13/26
CI_C1dx,0.184622181,4/13/26
CI_C1dx,0.604193671,4/13/26
CI_C1dx,0.46417768,4/13/26
CI_C1dx,0.426108201,4/13/26
CI_C1dx,0.244847568,4/13/26
CI_C1dx,0.007573466,4/13/26
CI_C1dx,0.002416214,4/13/26
CI_C1dx,0.573039074,4/13/26
CI_C1dx,0.036068467,4/13/26
CI_C1dx,0.717123322,4/13/26
CI_C1dx,0.784763829,4/13/26
CI_C1dx,0.387143369,4/13/26
CI_C1dx,0.827426887,4/13/26
CI_C1dx,0.497140409,4/13/26
CI_C1dx,0.913116575,4/13/26
CI_C1dx,0.236194265,4/13/26
CI_C1dx,0.835891948,4/13/26
CI_C1dx,0.626015532,4/13/26
CI_C1dx,0.679902352,4/13/26
CI_C1dx,0.399728307,4/13/26
CI_C1dx,0.422766898,4/13/26
CI_C1dx,0.835475868,4/13/26
CI_C1dx,0.046175827,4/13/26
CI_C1dx,0.308667886,4/13/26
CI_C1dx,0.857454954,4/13/26
CI_C1dx,0.497007302,4/13/26
CI_C1dx,0.012928744,4/13/26
CI_C1dx,0.648922687,4/13/26
CI_C1dx,0.078246757,4/13/26
CI_C1dx,0.729618184,4/13/26
CI_C1dx,0.440757591,4/13/26
CI_C1dx,0.537482899,4/13/26
CI_C1dx,0.232175905,4/13/26
CI_C1dx,0.303341415,4/13/26
CI_C1dx,0.729353303,4/13/26
CI_C1dx,0.518113533,4/13/26
CI_C1dx,0.527456906,4/13/26
CI_C1dx,0.021480758,4/13/26
CI_C1dx,0.095584125,4/13/26
CI_C1dx,0.484633522,4/13/26
CI_C1dx,0.243468777,4/14/26
CI_C1dx,0.264946331,4/14/26
CI_C1dx,0.048520758,4/14/26
CI_C1dx,0.296720306,4/14/26
CI_C1dx,0.432424321,4/14/26
CI_C1dx,0.511466317,4/14/26
CI_C1dx,0.790084074,4/14/26
UxU_XO,1.61465E-07,8/20/25
UxU_XO,2.1376E-05,8/25/25
UxU_XO,0,9/1/25
UxU_XO,0.00148323,9/1/25
UxU_XO,0.003272004,9/1/25
UxU_XO,0,9/2/25
UxU_XO,0,3/27/26
UxU_XO,0,3/29/26
UxU_XO,0.002437001,3/30/26
UxU_XO,0.000110806,3/30/26
UxU_XO,0.000304628,3/31/26
UxU_XO,0.003472827,3/31/26
UxU_XO,0.0012297,4/1/26
UxU_XO,0.000587365,4/1/26
UxU_XO,0.000525263,4/4/26
UxU_XO,2.03973E-05,4/4/26
UxU_XO,0.001357354,4/6/26
UxU_XO,0.000331892,4/6/26
UxU_XO,0.000834689,4/6/26
UxU_XO,0.000284112,4/8/26
UxU_XO,5.27716E-05,4/13/26
UxU_XO,0.000112267,4/13/26
CI_XO,0.001340437,8/18/25
CI_XO,0.000189689,8/19/25
CI_XO,0,8/21/25
CI_XO,0.001181825,8/21/25
CI_XO,4.34994E-06,8/25/25
CI_XO,1.60671E-06,8/25/25
CI_XO,1.17226E-06,8/27/25
CI_XO,0.000124269,8/27/25
CI_XO,7.40959E-07,9/1/25
CI_XO,0.000135031,9/1/25
CI_XO,3.02209E-06,9/1/25
CI_XO,0.000300089,3/31/26
CI_XO,0.000384791,4/6/26
CI_XO,0.046071374,4/13/26
CI_XO,0.007662393,4/13/26
CI_XO,0.01022193,4/13/26
UxU_w1118,0.973428328,9/12/25
UxU_w1118,0.805609626,9/12/25
UxU_w1118,0.866599779,9/12/25
UxU_w1118,0.865375112,9/12/25
UxU_w1118,0.894386039,9/12/25
UxU_w1118,0.297932217,9/12/25
UxU_w1118,0.489502519,9/12/25
UxU_w1118,0.52248713,9/12/25
UxU_w1118,0.11536987,9/12/25
UxU_w1118,0.738231848,9/12/25
UxU_w1118,0.950090535,9/12/25
UxU_w1118,0.757293355,9/12/25
UxU_w1118,0.836954994,9/12/25
UxU_w1118,0.832303672,9/12/25
UxU_w1118,0.955151333,9/12/25
UxU_w1118,0.942446116,9/12/25
UxU_w1118,0.832541736,9/12/25
UxU_w1118,0.754317299,9/12/25
UxU_w1118,0.608919783,9/12/25
UxU_w1118,0.17800047,9/12/25
UxU_w1118,0.739437265,9/12/25
UxU_w1118,0.808791937,9/12/25
UxU_w1118,0.429334437,9/12/25
UxU_w1118,0.710454742,9/15/25
UxU_w1118,0.848899575,9/15/25
UxU_w1118,0.551138982,9/15/25
UxU_w1118,0.404398669,9/15/25
UxU_w1118,0.534695358,9/15/25
UxU_w1118,0.117833721,9/15/25
UxU_w1118,0.406454207,9/15/25
UxU_w1118,0.802184783,9/15/25
UxU_w1118,0.514409193,9/15/25
UxU_w1118,0.656768933,9/15/25
UxU_w1118,0.384622374,9/15/25
UxU_w1118,0.787784962,9/15/25
UxU_w1118,0.543320851,9/15/25
UxU_w1118,0.387695135,9/15/25
UxU_w1118,0.86716324,9/15/25
UxU_w1118,0.671190376,9/15/25
UxU_w1118,0.916435181,9/15/25
UxU_w1118,0.797773281,9/15/25
UxU_w1118,0.652494954,9/15/25
UxU_w1118,0.889748313,9/15/25
UxU_w1118,0.400794169,9/15/25
UxU_w1118,0.355184561,9/15/25
UxU_w1118,0.941093152,9/15/25
UxU_w1118,0.673729846,9/15/25
UxU_w1118,0.37801176,9/15/25
UxU_w1118,0.851438782,9/15/25
UxU_w1118,0.538153502,9/15/25
UxU_w1118,0.702114568,9/15/25
UxU_w1118,0.40632684,9/15/25
UxU_w1118,0.18352651,9/15/25
UxU_w1118,0.303919787,9/15/25
UxU_w1118,0.521246,9/15/25
UxU_w1118,0.649887797,9/15/25
UxU_w1118,0.705521596,9/15/25
UxU_w1118,0.571007312,9/15/25
UxU_w1118,0.722365142,9/15/25
UxU_w1118,0.826431887,9/15/25
UxU_w1118,0.951558105,9/15/25
UxU_w1118,0.942531501,9/15/25
UxU_w1118,0.796234662,9/16/25
UxU_w1118,0.752060254,9/16/25
UxU_w1118,0.399329933,9/16/25
UxU_w1118,0.626056937,9/16/25
UxU_w1118,0.569920844,9/16/25
UxU_w1118,0.785427861,9/16/25
UxU_w1118,0.604995676,9/16/25
UxU_w1118,0.836971234,9/16/25
UxU_w1118,0.492421168,9/16/25
UxU_w1118,0.634735648,9/16/25
UxU_w1118,0.661574037,9/16/25
UxU_w1118,0.876270638,9/16/25
UxU_w1118,0.760043923,9/16/25
UxU_w1118,0.881713904,9/16/25
UxU_w1118,0.691035823,9/16/25
UxU_w1118,0.860291757,9/16/25
UxU_w1118,0.790521471,9/16/25
UxU_w1118,0.62326382,9/16/25
UxU_w1118,0.810648153,9/16/25
UxU_w1118,0.799133402,9/16/25
UxU_w1118,0.122428629,9/16/25
UxU_w1118,0.69043501,9/16/25
UxU_w1118,0.855226096,9/16/25
UxU_w1118,0.804624525,9/16/25
UxU_w1118,0.817158817,9/16/25
UxU_w1118,0.831302897,9/16/25
UxU_w1118,0.766146635,9/16/25
UxU_w1118,0.785013515,9/16/25
UxU_w1118,0.61084175,9/16/25
UxU_w1118,0.654801601,9/16/25
UxU_w1118,0.762805122,9/16/25
UxU_w1118,0.812950795,9/16/25
UxU_w1118,0.599264332,9/16/25
UxU_w1118,0.831838292,9/16/25
UxU_w1118,0.142352761,9/16/25
UxU_w1118,0.264894136,9/16/25
UxU_w1118,0.432629846,9/16/25
UxU_w1118,0.770450954,9/16/25
UxU_w1118,0.940063092,9/16/25
UxU_w1118,0.816995896,9/16/25
UxU_w1118,0.30968584,9/16/25
UxU_w1118,0.701167643,9/16/25
UxU_w1118,0.751927894,9/16/25
UxU_w1118,0.847798079,9/16/25
UxU_w1118,0.601184905,9/16/25
UxU_w1118,0.721507362,9/16/25
UxU_w1118,0.536316184,9/16/25
UxU_w1118,0.535968347,9/16/25
UxU_w1118,0.915838846,9/16/25
UxU_w1118,0.444505748,9/16/25
UxU_w1118,0.411039673,9/16/25
UxU_w1118,0.04739346,9/16/25
UxU_w1118,0.480033866,9/16/25
UxU_w1118,0.913731998,9/16/25
UxU_w1118,0.384067044,9/16/25
UxU_w1118,0.912292179,9/16/25
UxU_w1118,0.06047184,9/16/25
UxU_w1118,0.559163965,9/16/25
UxU_w1118,0.937874004,9/16/25
UxU_w1118,0.984090932,9/17/25
UxU_w1118,0.201366859,9/17/25
UxU_w1118,0.547269182,9/17/25
UxU_w1118,0.411707297,9/17/25
UxU_w1118,0.950550058,9/17/25
UxU_w1118,0.716040427,9/17/25
UxU_w1118,0.325281074,9/17/25
UxU_w1118,0.233248118,9/17/25
UxU_w1118,0.833405539,9/17/25
UxU_w1118,0.696067523,9/17/25
UxU_w1118,0.450132799,9/17/25
UxU_w1118,0.925996357,9/17/25
UxU_w1118,0.803426801,9/17/25
UxU_w1118,0.359637918,9/17/25
UxU_w1118,0.951671329,9/17/25
UxU_w1118,0.531213559,9/17/25
UxU_w1118,0.578204101,9/17/25
UxU_w1118,0.854614666,9/17/25
UxU_w1118,0.399456715,9/17/25
UxU_w1118,0.848276701,9/17/25
UxU_w1118,0.589805242,9/17/25
UxU_w1118,0.88040199,9/17/25
UxU_w1118,0.489909988,9/17/25
UxU_w1118,0.242579745,9/17/25
UxU_w1118,0.493876736,9/17/25
UxU_w1118,0.89685037,9/17/25
UxU_w1118,0.206253035,9/17/25
UxU_w1118,0.344501181,9/17/25
UxU_w1118,0.946831004,9/17/25
UxU_w1118,0.994890005,9/17/25
UxU_w1118,0.989173106,9/17/25
UxU_w1118,0.789281765,9/17/25
UxU_w1118,0.552294525,9/17/25
UxU_w1118,0.420809121,9/17/25
UxU_w1118,0.116293596,9/17/25
UxU_w1118,0.454815913,9/17/25
UxU_w1118,0.967079884,9/17/25
UxU_w1118,0.842574923,9/17/25
UxU_w1118,0.176770094,9/17/25
UxU_w1118,0.873458191,9/17/25
UxU_w1118,0.419791075,9/17/25
UxU_w1118,0.812189005,9/17/25
UxU_w1118,0.950106892,9/17/25
UxU_w1118,0.260975171,9/17/25
UxU_w1118,0.706975383,9/17/25
UxU_w1118,0.591064709,9/17/25
UxU_w1118,0.158422188,9/17/25
UxU_w1118,0.912447406,9/17/25
UxU_w1118,0.828551064,9/17/25
UxU_w1118,0.751670946,9/17/25
UxU_w1118,0.843561055,9/17/25
UxU_w1118,0.511816504,9/17/25
UxU_w1118,0.613627911,9/17/25
UxU_w1118,0.56663746,9/17/25
UxU_w1118,0.4555708,9/17/25
UxU_w1118,0.869429438,9/17/25
UxU_w1118,0.933584838,9/17/25
UxU_w1118,0.95926209,9/17/25
UxU_w1118,0.605609756,9/22/25
UxU_w1118,0.883814953,9/22/25
UxU_w1118,0.845890203,9/22/25
UxU_w1118,0.880625669,9/22/25
UxU_w1118,0.59945811,9/22/25
UxU_w1118,0.809155338,9/22/25
UxU_w1118,0.739654741,9/22/25
UxU_w1118,0.973095572,9/22/25
UxU_w1118,0.787580347,9/22/25
UxU_w1118,0.550704648,9/22/25
UxU_w1118,0.735541717,9/22/25
UxU_w1118,0.967979751,9/22/25
UxU_w1118,0.794604647,9/22/25
UxU_w1118,0.460548303,9/22/25
UxU_w1118,0.643450756,9/22/25
UxU_w1118,0.339231232,9/22/25
UxU_w1118,0.362389327,9/22/25
UxU_w1118,0.428133529,9/22/25
UxU_w1118,0.644428687,9/22/25
UxU_w1118,0.824545681,9/22/25
UxU_w1118,0.476339268,9/22/25
UxU_w1118,0.887537735,9/22/25
UxU_w1118,0.786860803,9/22/25
UxU_w1118,0.957144582,9/22/25
UxU_w1118,0.820081073,9/22/25
UxU_w1118,0.705151281,9/22/25
UxU_w1118,0.282579701,9/22/25
UxU_w1118,0.79969154,9/22/25
UxU_w1118,0.147262236,9/22/25
UxU_w1118,0.509411932,9/22/25
UxU_w1118,0.928866949,9/22/25
UxU_w1118,0.664142176,9/22/25
UxU_w1118,0.71197522,9/22/25
UxU_w1118,0.566834466,9/22/25
UxU_w1118,0.102744951,9/22/25
UxU_w1118,0.813657396,9/22/25
UxU_w1118,0.888622122,9/22/25
UxU_w1118,0.947333585,9/22/25
UxU_w1118,0.762269121,9/22/25
UxU_w1118,0.55746846,9/22/25
UxU_w1118,0.411907241,9/22/25
UxU_w1118,0.538812183,9/22/25
UxU_w1118,0.861593864,9/22/25
UxU_w1118,0.914153062,9/22/25
UxU_w1118,0.946326749,9/22/25
UxU_w1118,0.607490003,9/22/25
UxU_w1118,0.469134818,9/22/25
UxU_w1118,0.744557475,9/22/25
UxU_w1118,0.554821151,9/22/25
UxU_w1118,0.679585939,9/22/25
UxU_w1118,0.302534027,9/22/25
UxU_w1118,0.645800051,9/22/25
UxU_w1118,0.720007286,9/22/25
UxU_w1118,0.079968233,9/22/25
UxU_w1118,0.660235992,9/22/25
UxU_w1118,0.52994027,9/22/25
UxU_w1118,0.25171049,9/22/25
UxU_w1118,0.637789471,9/22/25
UxU_w1118,0.970786972,9/22/25
UxU_w1118,0.253282841,9/23/25
UxU_w1118,0.579074614,9/23/25
UxU_w1118,0.897643104,9/23/25
UxU_w1118,0.746210822,9/23/25
UxU_w1118,0.486846457,9/23/25
UxU_w1118,0.475881654,9/23/25
UxU_w1118,0.275337872,9/23/25
UxU_w1118,0.700436428,9/23/25
UxU_w1118,0.602775801,9/23/25
UxU_w1118,0.837225171,9/23/25
UxU_w1118,0.592794804,9/23/25
UxU_w1118,0.582331731,9/23/25
UxU_w1118,0.447898825,9/23/25
UxU_w1118,0.961901602,9/23/25
UxU_w1118,0.293115379,9/23/25
UxU_w1118,0.606221494,9/23/25
UxU_w1118,0.150497878,9/23/25
UxU_w1118,0.748288721,9/23/25
UxU_w1118,0.52636633,9/23/25
UxU_w1118,0.847859297,9/23/25
UxU_w1118,0.455535611,9/23/25
UxU_w1118,0.321240438,9/23/25
UxU_w1118,0.136576162,9/23/25
UxU_w1118,0.721291385,9/23/25
UxU_w1118,0.152134549,9/23/25
UxU_w1118,0.408979673,9/23/25
UxU_w1118,0.522042579,9/23/25
UxU_w1118,0.594597072,9/23/25
UxU_w1118,0.598561063,9/24/25
UxU_w1118,0.496454117,9/24/25
UxU_w1118,0.206069253,9/24/25
UxU_w1118,0.252062849,9/24/25
UxU_w1118,0.680360569,9/24/25
UxU_w1118,0.485100576,9/24/25
UxU_w1118,0.191821316,9/24/25
UxU_w1118,0.81545917,9/24/25
UxU_w1118,0.411992825,9/24/25
UxU_w1118,0.37318512,9/24/25
UxU_w1118,0.410138387,9/24/25
UxU_w1118,0.740248147,9/24/25
UxU_w1118,0.526883751,9/24/25
UxU_w1118,0.828798389,9/24/25
UxU_w1118,0.808633368,9/24/25
UxU_w1118,0.382655581,9/24/25
UxU_w1118,0.509386001,9/24/25
UxU_w1118,0.529504521,9/24/25
UxU_w1118,0.604097122,9/24/25
UxU_w1118,0.996710099,9/24/25
UxU_w1118,0.409098644,9/24/25
UxU_w1118,0.567140286,9/24/25
UxU_w1118,0.429285196,9/24/25
UxU_w1118,0.788495852,9/24/25
UxU_w1118,0.509748196,9/24/25
UxU_w1118,0.818523571,9/24/25
UxU_w1118,0.584965387,9/24/25
UxU_w1118,0.569425888,9/24/25
UxU_w1118,0.107213786,9/24/25
UxU_w1118,0.251623571,9/25/25
UxU_w1118,0.549814499,9/25/25
UxU_w1118,0.083498886,9/25/25
UxU_w1118,0.869023576,9/25/25
UxU_w1118,0.082857143,9/25/25
UxU_w1118,0.28412845,9/25/25
UxU_w1118,0.318319406,9/25/25
UxU_w1118,0.840692363,9/25/25
UxU_w1118,0.551058914,9/25/25
UxU_w1118,0.086943239,9/25/25
UxU_w1118,0.011115648,9/25/25
UxU_w1118,0.472,9/25/25
UxU_w1118,0.927254347,9/25/25
UxU_w1118,0.165590806,9/25/25
UxU_w1118,0.416204384,9/25/25
UxU_w1118,0.191808152,9/25/25
UxU_w1118,0.89282838,9/25/25
UxU_w1118,0.726668868,9/25/25
UxU_w1118,0.170583382,9/25/25
UxU_w1118,0.417902302,9/25/25
UxU_w1118,0.441687878,9/25/25
UxU_w1118,0.452812857,9/25/25
UxU_w1118,0.787675895,9/25/25
UxU_w1118,0.128595906,9/25/25
UxU_w1118,0.317207809,9/25/25
UxU_w1118,0.753178949,9/25/25
UxU_w1118,0.220661641,9/25/25
UxU_w1118,0.425788433,9/25/25
UxU_w1118,0.966639968,9/29/25
UxU_w1118,0.317356616,9/29/25
UxU_w1118,0.962944076,9/29/25
UxU_w1118,0.816367445,9/29/25
UxU_w1118,0.915799946,9/29/25
UxU_w1118,0.549755542,9/29/25
UxU_w1118,0.135245112,9/29/25
UxU_w1118,0.597211441,9/29/25
UxU_w1118,0.936826596,9/29/25
UxU_w1118,0.535294592,9/29/25
UxU_w1118,0.603955707,9/29/25
UxU_w1118,0.181136619,9/29/25
UxU_w1118,0.879782348,9/29/25
UxU_w1118,0.140450406,9/29/25
UxU_w1118,0.788526232,9/29/25
UxU_w1118,0.037224698,9/29/25
UxU_w1118,0.635499721,9/29/25
UxU_w1118,0.625025256,9/29/25
UxU_w1118,0.885515419,9/29/25
UxU_w1118,0.993372195,9/29/25
UxU_w1118,0.273871325,9/29/25
UxU_w1118,0.765333227,9/29/25
UxU_w1118,0.848715328,9/29/25
UxU_w1118,0.795880525,9/29/25
UxU_w1118,0.803000783,9/29/25
UxU_w1118,0.903995212,9/29/25
UxU_w1118,0.441056121,9/29/25
UxU_w1118,0.583165018,9/29/25
UxU_w1118,0.164146117,9/29/25
UxU_w1118,0.068627653,9/29/25
UxU_w1118,0.023622761,9/29/25
UxU_w1118,0.357773266,9/29/25
UxU_w1118,0.366847717,9/29/25
UxU_w1118,0.90455553,9/29/25
UxU_w1118,0.039925389,9/29/25
UxU_w1118,0.775339592,9/29/25
UxU_w1118,0.329035897,9/29/25
UxU_w1118,0.012426423,9/29/25
UxU_w1118,0.22605491,9/29/25
UxU_w1118,0.800022146,9/29/25
UxU_w1118,0.800876788,9/29/25
UxU_w1118,0.782813366,9/29/25
UxU_w1118,0.519190005,9/29/25
UxU_w1118,0.708502673,9/29/25
UxU_w1118,0.806351384,9/29/25
UxU_w1118,0.742466138,9/29/25
UxU_w1118,0.44492146,9/29/25
UxU_w1118,0.392778906,9/29/25
UxU_w1118,0.323369593,9/29/25
UxU_w1118,0.696918351,9/29/25
UxU_w1118,0.762597737,9/29/25
UxU_w1118,0.004149849,9/29/25
UxU_w1118,0.081069813,9/29/25
UxU_w1118,0.755307845,9/29/25
UxU_w1118,0.025938702,9/29/25
UxU_w1118,0.237126363,9/29/25
UxU_w1118,0.596933198,9/29/25
UxU_w1118,0.244003524,9/29/25
UxU_w1118,0.959605803,9/29/25
UxU_w1118,0.400093729,9/29/25
UxU_w1118,0.452878599,9/29/25
UxU_w1118,0.91265283,9/29/25
UxU_w1118,0.998247722,9/29/25
UxU_w1118,0.017608559,9/29/25
UxU_w1118,0.058257867,9/29/25
UxU_w1118,0.697090411,9/30/25
UxU_w1118,0.673379042,9/30/25
UxU_w1118,0.87267658,9/30/25
UxU_w1118,0.780258426,9/30/25
UxU_w1118,0.429738863,9/30/25
UxU_w1118,0.737865429,9/30/25
UxU_w1118,0.486468173,9/30/25
UxU_w1118,0.759584681,9/30/25
UxU_w1118,0.872241287,9/30/25
UxU_w1118,0.633908765,9/30/25
UxU_w1118,0.443113285,9/30/25
UxU_w1118,0.222869873,9/30/25
UxU_w1118,0.814782643,9/30/25
UxU_w1118,0.694823632,9/30/25
UxU_w1118,0.835565521,9/30/25
UxU_w1118,0.41372337,9/30/25
UxU_w1118,0.589955518,9/30/25
UxU_w1118,0.192817461,9/30/25
UxU_w1118,0.319757809,9/30/25
UxU_w1118,0.095110764,9/30/25
UxU_w1118,0.81788347,9/30/25
UxU_w1118,0.605822289,9/30/25
UxU_w1118,0.568621166,9/30/25
UxU_w1118,0.552581648,9/30/25
UxU_w1118,0.932614907,9/30/25
UxU_w1118,0.9394043,9/30/25
UxU_w1118,0.635025172,9/30/25
UxU_w1118,0.65950633,9/30/25
UxU_w1118,0.37952315,9/30/25
UxU_w1118,0.815856059,9/30/25
UxU_w1118,0.746655857,9/30/25
UxU_w1118,0.015990059,9/30/25
UxU_w1118,0.764423271,9/30/25
UxU_w1118,0.63408968,9/30/25
UxU_w1118,0.555632999,9/30/25
UxU_w1118,0.19327611,9/30/25
UxU_w1118,0.744567668,9/30/25
UxU_w1118,0.867768097,9/30/25
UxU_w1118,0.955154583,9/30/25
UxU_w1118,0.522067907,9/30/25
UxU_w1118,0.335587422,9/30/25
UxU_w1118,0.201600294,9/30/25
UxU_w1118,0.448571602,9/30/25
UxU_w1118,0.490890841,9/30/25
UxU_w1118,0.445846287,9/30/25
UxU_w1118,0.586602745,9/30/25
UxU_w1118,0.716928853,9/30/25
UxU_w1118,0.709418537,10/1/25
UxU_w1118,0.914966941,10/1/25
UxU_w1118,0.977582693,10/1/25
UxU_w1118,0.956234976,10/1/25
UxU_w1118,0.206320636,10/1/25
UxU_w1118,0.785350458,10/1/25
UxU_w1118,0.564562277,10/1/25
UxU_w1118,0.61774598,10/1/25
UxU_w1118,0.87983507,10/1/25
UxU_w1118,0.842922935,10/1/25
UxU_w1118,0.999597002,10/1/25
UxU_w1118,0.686398737,10/1/25
UxU_w1118,0.952057543,10/1/25
UxU_w1118,0.971585269,10/1/25
UxU_w1118,0.772744204,10/1/25
UxU_w1118,0.721673401,10/1/25
UxU_w1118,0.976584643,10/1/25
UxU_w1118,0.80740652,10/1/25
UxU_w1118,0.699398272,10/1/25
UxU_w1118,0.588304307,10/1/25
UxU_w1118,0.86863762,10/1/25
UxU_w1118,0.824806632,10/1/25
UxU_w1118,0.924770308,10/1/25
UxU_w1118,0.925624142,10/1/25
UxU_w1118,0.491089988,10/1/25
UxU_w1118,0.930173607,10/1/25
UxU_w1118,0.766315383,10/1/25
UxU_w1118,0.822590374,10/1/25
UxU_w1118,0.956727723,10/1/25
UxU_w1118,0.635684514,10/1/25
UxU_w1118,0.710027289,10/1/25
UxU_w1118,0.938582265,10/1/25
UxU_w1118,0.94837484,10/1/25
UxU_w1118,0.742216217,10/1/25
UxU_w1118,0.675939624,10/1/25
UxU_w1118,0.459577276,10/1/25
UxU_w1118,0.882056115,10/1/25
UxU_w1118,0.902698613,10/1/25
UxU_w1118,0.866433182,10/1/25
UxU_w1118,0.826973245,10/1/25
UxU_w1118,0.883277063,10/1/25
UxU_w1118,0.899084421,10/1/25
UxU_w1118,0.999484025,10/1/25
UxU_w1118,0.806211781,10/1/25
UxU_w1118,0.978216173,10/1/25
UxU_w1118,0.796589209,10/1/25
UxU_w1118,0.60164838,10/1/25
CI_w1118,0.511272874,9/12/25
CI_w1118,0.750881033,9/12/25
CI_w1118,0.885136771,9/12/25
CI_w1118,0.66887615,9/12/25
CI_w1118,0.892672548,9/12/25
CI_w1118,0.518831699,9/12/25
CI_w1118,0.918411647,9/12/25
CI_w1118,0.84096769,9/12/25
CI_w1118,0.508776295,9/12/25
CI_w1118,0.956859075,9/12/25
CI_w1118,0.740019504,9/12/25
CI_w1118,0.830339965,9/12/25
CI_w1118,0.824170795,9/12/25
CI_w1118,0.855905084,9/12/25
CI_w1118,0.970508296,9/12/25
CI_w1118,0.89691842,9/12/25
CI_w1118,0.878057172,9/12/25
CI_w1118,0.56372107,9/12/25
CI_w1118,0.574037161,9/12/25
CI_w1118,0.834108465,9/12/25
CI_w1118,0.636789837,9/12/25
CI_w1118,0.97781123,9/12/25
CI_w1118,0.949747887,9/12/25
CI_w1118,0.881574724,9/12/25
CI_w1118,0.943903002,9/12/25
CI_w1118,0.820722223,9/12/25
CI_w1118,0.658445019,9/12/25
CI_w1118,0.913147474,9/12/25
CI_w1118,0.796079763,9/12/25
CI_w1118,0.925577148,9/12/25
CI_w1118,0.756134954,9/12/25
CI_w1118,0.864489672,9/12/25
CI_w1118,0.836395046,9/12/25
CI_w1118,0.990410106,9/12/25
CI_w1118,0.951078992,9/12/25
CI_w1118,0.837954591,9/12/25
CI_w1118,0.903400457,9/12/25
CI_w1118,0.978008191,9/12/25
CI_w1118,0.957603245,9/12/25
CI_w1118,0.842238388,9/15/25
CI_w1118,0.907526085,9/15/25
CI_w1118,0.448756229,9/15/25
CI_w1118,0.762690496,9/15/25
CI_w1118,0.936917181,9/15/25
CI_w1118,0.841666751,9/15/25
CI_w1118,0.837144204,9/15/25
CI_w1118,0.593287695,9/15/25
CI_w1118,0.702002046,9/15/25
CI_w1118,0.889931509,9/15/25
CI_w1118,0.971602108,9/15/25
CI_w1118,0.141727073,9/15/25
CI_w1118,0.055843211,9/15/25
CI_w1118,0.775544541,9/15/25
CI_w1118,0.862818411,9/15/25
CI_w1118,0.686473823,9/15/25
CI_w1118,0.744201999,9/15/25
CI_w1118,0.382425458,9/15/25
CI_w1118,0.884651444,9/15/25
CI_w1118,0.886415963,9/15/25
CI_w1118,0.752960603,9/15/25
CI_w1118,0.762283454,9/15/25
CI_w1118,0.749987465,9/15/25
CI_w1118,0.294302432,9/15/25
CI_w1118,0.174188553,9/15/25
CI_w1118,0.121818816,9/15/25
CI_w1118,0.826562247,9/15/25
CI_w1118,0.744531552,9/16/25
CI_w1118,0.903731411,9/16/25
CI_w1118,0.890967586,9/16/25
CI_w1118,0.199589939,9/16/25
CI_w1118,0.076491359,9/16/25
CI_w1118,0.081707508,9/16/25
CI_w1118,0.957177517,9/16/25
CI_w1118,0.16333514,9/16/25
CI_w1118,0.595774234,9/16/25
CI_w1118,0.92473569,9/16/25
CI_w1118,0.725187058,9/16/25
CI_w1118,0.383500958,9/16/25
CI_w1118,0.962619815,9/16/25
CI_w1118,0.535036605,9/16/25
CI_w1118,0.598589272,9/16/25
CI_w1118,0.827666306,9/16/25
CI_w1118,0.897071667,9/16/25
CI_w1118,0.425897779,9/16/25
CI_w1118,0.969165508,9/16/25
CI_w1118,0.695528192,9/16/25
CI_w1118,0.955164694,9/16/25
CI_w1118,0.989158591,9/16/25
CI_w1118,0.41236563,9/16/25
CI_w1118,0.656805565,9/16/25
CI_w1118,0.939340884,9/16/25
CI_w1118,0.830177889,9/16/25
CI_w1118,0.553804638,9/16/25
CI_w1118,0.014015331,9/16/25
CI_w1118,0.780407554,9/16/25
CI_w1118,0.868381648,9/16/25
CI_w1118,0.914770397,9/16/25
CI_w1118,0.957069618,9/16/25
CI_w1118,0.849502738,9/16/25
CI_w1118,0.827446257,9/16/25
CI_w1118,0.293400747,9/16/25
CI_w1118,0.626690511,9/16/25
CI_w1118,0.883608648,9/16/25
CI_w1118,0.351655247,9/16/25
CI_w1118,0.395260806,9/16/25
CI_w1118,0.903425638,9/16/25
CI_w1118,0.873801901,9/16/25
CI_w1118,0.88798282,9/17/25
CI_w1118,0.655838569,9/17/25
CI_w1118,0.907465203,9/17/25
CI_w1118,0.897852915,9/17/25
CI_w1118,0.69341421,9/17/25
CI_w1118,0.470933112,9/17/25
CI_w1118,0.350799245,9/17/25
CI_w1118,0.48004439,9/17/25
CI_w1118,0.792336094,9/17/25
CI_w1118,0.710936638,9/17/25
CI_w1118,0.465378259,9/17/25
CI_w1118,0.759190293,9/17/25
CI_w1118,0.187789219,9/17/25
CI_w1118,0.931830016,9/17/25
CI_w1118,0.107312708,9/22/25
CI_w1118,0.801863398,9/22/25
CI_w1118,0.545080041,9/22/25
CI_w1118,0.903006751,9/22/25
CI_w1118,0.899330876,9/22/25
CI_w1118,0.774356782,9/22/25
CI_w1118,0.786692193,9/22/25
CI_w1118,0.924922225,9/22/25
CI_w1118,0.346135046,9/22/25
CI_w1118,0.967774793,9/22/25
CI_w1118,0.929015926,9/22/25
CI_w1118,0.867155779,9/22/25
CI_w1118,0.984097193,9/22/25
CI_w1118,0.970651159,9/22/25
CI_w1118,0.981641779,9/22/25
CI_w1118,0.921352812,9/22/25
CI_w1118,0.052103576,9/22/25
CI_w1118,0.809438297,9/22/25
CI_w1118,0.812347862,9/22/25
CI_w1118,0.089228769,9/22/25
CI_w1118,0.342086172,9/22/25
CI_w1118,0.354695444,9/22/25
CI_w1118,0.158379013,9/22/25
CI_w1118,0.902079645,9/22/25
CI_w1118,0.142024854,9/22/25
CI_w1118,0.119417258,9/22/25
CI_w1118,0.94522776,9/22/25
CI_w1118,0.176532791,9/22/25
CI_w1118,0.038410692,9/22/25
CI_w1118,0.887548826,9/22/25
CI_w1118,0.228726327,9/22/25
CI_w1118,0.98605853,9/22/25
CI_w1118,0.516171874,9/22/25
CI_w1118,0.069564062,9/22/25
CI_w1118,0.174961269,9/22/25
CI_w1118,0.871428143,9/22/25
CI_w1118,0.649247228,9/22/25
CI_w1118,0.997940247,9/22/25
CI_w1118,0.04181093,9/22/25
CI_w1118,0.177187977,9/22/25
CI_w1118,0.166688507,9/22/25
CI_w1118,0.802203109,9/22/25
CI_w1118,0.931030488,9/22/25
CI_w1118,0.044102501,9/22/25
CI_w1118,0.806787181,9/22/25
CI_w1118,0.882336292,9/22/25
CI_w1118,0.115176638,9/22/25
CI_w1118,0.802265541,9/22/25
CI_w1118,0.98470994,9/22/25
CI_w1118,0.577520576,9/22/25
CI_w1118,0.678781578,9/23/25
CI_w1118,0.859812229,9/23/25
CI_w1118,0.653329261,9/23/25
CI_w1118,0.64585856,9/23/25
CI_w1118,0.69508912,9/23/25
CI_w1118,0.912161346,9/23/25
CI_w1118,0.721283818,9/23/25
CI_w1118,0.57928715,9/23/25
CI_w1118,0.850501696,9/23/25
CI_w1118,0.896603705,9/23/25
CI_w1118,0.796578234,9/23/25
CI_w1118,0.748622443,9/23/25
CI_w1118,0.601724589,9/23/25
CI_w1118,0.996058451,9/23/25
CI_w1118,0.945425848,9/23/25
CI_w1118,0.845668722,9/23/25
CI_w1118,0.67251297,9/23/25
CI_w1118,0.772612165,9/23/25
CI_w1118,0.931304472,9/23/25
CI_w1118,0.019934695,9/23/25
CI_w1118,0.573518654,9/23/25
CI_w1118,0.72721658,9/23/25
CI_w1118,0.899149317,9/23/25
CI_w1118,0.697841654,9/23/25
CI_w1118,0.685006113,9/23/25
CI_w1118,0.870188156,9/23/25
CI_w1118,0.890343815,9/23/25
CI_w1118,0.496669097,9/23/25
CI_w1118,0.621014755,9/23/25
CI_w1118,0.455917991,9/23/25
CI_w1118,0.545246609,9/23/25
CI_w1118,0.750210353,9/23/25
CI_w1118,0.615054745,9/23/25
CI_w1118,0.85436,9/23/25
CI_w1118,0.92132733,9/23/25
CI_w1118,0.949930109,9/23/25
CI_w1118,0.665709512,9/23/25
CI_w1118,0.350225135,9/23/25
CI_w1118,0.815162793,9/24/25
CI_w1118,0.789147774,9/24/25
CI_w1118,0.924280799,9/24/25
CI_w1118,0.982324295,9/24/25
CI_w1118,0.693578538,9/24/25
CI_w1118,0.934455101,9/24/25
CI_w1118,0.71695845,9/24/25
CI_w1118,0.684936861,9/24/25
CI_w1118,0.66981529,9/24/25
CI_w1118,0.915089151,9/24/25
CI_w1118,0.277268741,9/24/25
CI_w1118,0.783455864,9/24/25
CI_w1118,0.781280877,9/24/25
CI_w1118,0.762169236,9/24/25
CI_w1118,0.395367981,9/24/25
CI_w1118,0.863578909,9/24/25
CI_w1118,0.105233179,9/24/25
CI_w1118,0.665413762,9/24/25
CI_w1118,0.76558286,9/24/25
CI_w1118,0.814486401,9/24/25
CI_w1118,0.867266884,9/24/25
CI_w1118,0.802791481,9/24/25
CI_w1118,0.947320945,9/24/25
CI_w1118,0.635492324,9/24/25
CI_w1118,0.792022223,9/24/25
CI_w1118,0.833303347,9/24/25
CI_w1118,0.130699556,9/24/25
CI_w1118,0.099645994,9/24/25
CI_w1118,0.678790917,9/24/25
CI_w1118,0.378354285,9/24/25
CI_w1118,0.896789894,9/24/25
CI_w1118,0.907001012,9/24/25
CI_w1118,0.78901918,9/24/25
CI_w1118,0.916671683,9/24/25
CI_w1118,0.760013165,9/24/25
CI_w1118,0.497092238,9/24/25
CI_w1118,0.895493252,9/24/25
CI_w1118,0.819223264,9/24/25
CI_w1118,0.61749711,9/24/25
CI_w1118,0.909337201,9/24/25
CI_w1118,0.938746751,9/24/25
CI_w1118,0.968822541,9/24/25
CI_w1118,0.070408978,9/25/25
CI_w1118,0.943227759,9/25/25
CI_w1118,0.88043053,9/25/25
CI_w1118,0.726107075,9/25/25
CI_w1118,0.803902764,9/25/25
CI_w1118,0.936086212,9/25/25
CI_w1118,0.899162938,9/25/25
CI_w1118,0.938260843,9/25/25
CI_w1118,0.917943922,9/25/25
CI_w1118,0.644316222,9/25/25
CI_w1118,0.796481061,9/25/25
CI_w1118,0.850668498,9/25/25
CI_w1118,0.883268678,9/25/25
CI_w1118,0.902061752,9/25/25
CI_w1118,0.813004177,9/25/25
CI_w1118,0.945072973,9/25/25
CI_w1118,0.873866851,9/25/25
CI_w1118,0.901414548,9/25/25
CI_w1118,0.791801651,9/25/25
CI_w1118,0.877414962,9/25/25
CI_w1118,0.8525776,9/25/25
CI_w1118,0.936395831,9/25/25
CI_w1118,0.966361593,9/25/25
CI_w1118,0.948986701,9/25/25
CI_w1118,0.939236484,9/25/25
CI_w1118,0.922912206,9/25/25
CI_w1118,0.819250994,9/25/25
CI_w1118,0.663839692,9/25/25
CI_w1118,0.938998717,9/25/25
CI_w1118,0.939709653,9/25/25
CI_w1118,0.776503074,9/25/25
CI_w1118,0.867335798,9/25/25
CI_w1118,0.883491567,9/25/25
CI_w1118,0.981476783,9/25/25
CI_w1118,0.696077941,9/25/25
CI_w1118,0.731770497,9/25/25
CI_w1118,0.812042864,9/25/25
CI_w1118,0.047019532,9/25/25
CI_w1118,0.464461355,9/25/25
CI_w1118,0.854419937,9/25/25
CI_w1118,0.633200746,9/25/25
CI_w1118,0.911422661,9/25/25
CI_w1118,0.843008244,9/25/25
CI_w1118,0.91732793,9/25/25
CI_w1118,0.938945867,9/25/25
CI_w1118,0.965160475,9/25/25
CI_w1118,0.602402954,9/25/25
CI_w1118,0.440883766,9/25/25
CI_w1118,0.659804026,9/25/25
CI_w1118,0.75776645,9/25/25
CI_w1118,0.951952976,9/25/25
CI_w1118,0.001477417,9/25/25
CI_w1118,0.914093906,9/25/25
CI_w1118,0.446870525,9/25/25
CI_w1118,0.978872957,9/25/25
CI_w1118,0.301937395,9/25/25
CI_w1118,0.736340191,9/25/25
CI_w1118,0.824723825,9/25/25
CI_w1118,0.84672425,9/25/25
CI_w1118,0.896868967,9/25/25
CI_w1118,0.099921075,9/25/25
CI_w1118,0.348447486,9/25/25
CI_w1118,0.948155044,9/25/25
CI_w1118,0.601702277,9/25/25
CI_w1118,0.22438562,9/25/25
CI_w1118,0.286625364,9/30/25
CI_w1118,0.687223121,9/30/25
CI_w1118,0.985403403,9/30/25
CI_w1118,0.270560393,9/30/25
CI_w1118,0.062436153,9/30/25
CI_w1118,0.692801609,9/30/25
CI_w1118,0.543366588,9/30/25
CI_w1118,0.598798223,9/30/25
CI_w1118,0.489899193,9/30/25
CI_w1118,0.193402912,9/30/25
CI_w1118,0.939500708,9/30/25
CI_w1118,0.747922856,9/30/25
CI_w1118,0.783948969,9/30/25
CI_w1118,0.33238254,9/30/25
CI_w1118,0.474941154,9/30/25
CI_w1118,0.03389778,9/30/25
CI_w1118,0.424686956,9/30/25
CI_w1118,0.748324946,9/30/25
CI_w1118,0.786682487,9/30/25
CI_w1118,0.729354699,9/30/25
CI_w1118,0.637177829,9/30/25
CI_w1118,0.926301677,9/30/25
CI_w1118,0.846707187,9/30/25
CI_w1118,0.836143171,9/30/25
CI_w1118,0.921880029,9/30/25
CI_w1118,0.169850722,9/30/25
CI_w1118,0.387902247,9/30/25
CI_w1118,0.866453285,9/30/25
CI_w1118,0.953087137,9/30/25
CI_w1118,0.206201943,9/30/25
CI_w1118,0.876364435,9/30/25
CI_w1118,0.961546665,9/30/25
CI_w1118,0.057401903,9/30/25
CI_w1118,0.695516499,9/30/25
CI_w1118,0.28053176,9/30/25
CI_w1118,0.614514524,9/30/25
CI_w1118,0.743880245,9/30/25
CI_w1118,0.938607447,9/30/25
CI_w1118,0.352441765,9/30/25
CI_w1118,0.994418439,9/30/25
CI_w1118,0.746937178,9/30/25
CI_w1118,0.182322128,9/30/25
CI_w1118,0.768891523,9/30/25
CI_w1118,0.344517517,9/30/25
CI_w1118,0.032659637,9/30/25
CI_w1118,0.923161935,9/30/25
CI_w1118,0.227905984,9/30/25
CI_w1118,0.530399067,9/30/25
CI_w1118,0.823203807,9/30/25
CI_w1118,0.934562258,9/30/25
CI_w1118,0.06234168,9/30/25
CI_w1118,0.958511557,10/1/25
CI_w1118,0.337133228,10/1/25
CI_w1118,0.733261524,10/1/25
CI_w1118,0.433976201,10/1/25
CI_w1118,0.939343042,10/1/25
CI_w1118,0.635106799,10/1/25
CI_w1118,0.638602025,10/1/25
CI_w1118,0.960179592,10/1/25
CI_w1118,0.974333385,10/1/25
CI_w1118,0.277336905,10/1/25
CI_w1118,0.912000401,10/1/25
CI_w1118,0.07896792,10/1/25
CI_w1118,0.860957448,10/1/25
CI_w1118,0.809018382,10/1/25
CI_w1118,0.461407947,10/1/25
CI_w1118,0.229142759,10/1/25
CI_w1118,0.818644803,10/1/25
CI_w1118,0.444214708,10/1/25
CI_w1118,0.078409536,10/1/25
CI_w1118,0.193753493,10/1/25
CI_w1118,0.974072806,10/1/25
CI_w1118,0.105734749,10/1/25
CI_w1118,0.92320703,10/1/25
CI_w1118,0.720256353,10/1/25
CI_w1118,0.234036918,10/1/25