vial,EAV,red
1-20-a,0.064516129,0.035843377
1-20-a,0.064516129,0.044943935
1-10-a,0.166666667,0.697818094
1-16-e,0.25,0.08858002
1-16-e,0.25,0.230790878
1-16-e,0.25,0.172186508
1-21-a,0.25,0.269830406
1-21-a,0.25,0.800830585
1-14-b,0.266666667,0.253283359
1-14-b,0.266666667,0.168542315
1-14-b,0.266666667,0.018207808
1-14-b,0.266666667,0.738057182
1-14-b,0.266666667,0.265110068
1-20-d,0.375,0.022779345
1-12-a,0.4,0.62030377
1-19-a,0.4,0.257324597
1-19-a,0.4,0.03149951
1-20-c,0.428571429,0.82196
1-21-b,0.428571429,0.65013351
1-21-b,0.428571429,0.203335724
1-21-b,0.428571429,0.900114075
1-21-b,0.428571429,0.917925524
1-15-a,0.5,0.48839969
1-15-a,0.5,0.21361703
1-15-a,0.5,0.044648026
1-15-a,0.5,0.433085186
1-15-a,0.5,0.11664084
1-15-a,0.5,0.117153359
1-15-a,0.5,0.310965057
1-15-a,0.5,0.458350141
1-15-b,0.53125,0.274745935
1-15-b,0.53125,0.661920965
1-15-b,0.53125,0.507533908
1-15-b,0.53125,0.662211666
1-15-b,0.53125,0.858441493
1-15-b,0.53125,0.45383449
1-15-b,0.53125,0.430859605
1-15-b,0.53125,0.385808174
1-15-b,0.53125,0.312470243
1-09-a,0.538461538,0.770660044
1-09-a,0.538461538,0.949672569
1-09-a,0.538461538,0.487688057
1-09-a,0.538461538,0.972074655
1-09-a,0.538461538,0.953290956
1-09-a,0.538461538,0.965580725
1-09-a,0.538461538,0.87441223
1-09-a,0.538461538,0.735217335
1-09-a,0.538461538,0.715963877
1-09-a,0.538461538,0.900738573
1-12-f,0.538461538,0.4996175
1-12-f,0.538461538,0.60418104
1-12-f,0.538461538,0.28145935
1-12-f,0.538461538,0.38417931
1-12-i,0.555555556,0.5884015
1-12-i,0.555555556,0.027069419
1-12-i,0.555555556,0.108153893
1-12-i,0.555555556,0.804692726
1-20-b,0.566666667,0.023092369
1-20-b,0.566666667,0.005749807
1-20-b,0.566666667,0.219311986
1-20-b,0.566666667,0.546024033
1-20-b,0.566666667,0.621916409
1-20-b,0.566666667,0.076782021
1-20-b,0.566666667,0.356784475
1-20-b,0.566666667,0.023137692
1-20-b,0.566666667,0.165333171
1-20-b,0.566666667,0.18475732
1-12-d,0.583333333,0.31668044
1-12-d,0.583333333,0.45591051
1-12-d,0.583333333,0.48096717
1-12-d,0.583333333,0.4736536
1-20-f,0.641509434,0.46320677
1-20-f,0.641509434,0.809311288
1-20-f,0.641509434,0.859790419
1-20-f,0.641509434,0.450353723
1-20-f,0.641509434,0.542655002
1-20-f,0.641509434,0.179382334
1-20-f,0.641509434,0.248333584
1-20-f,0.641509434,0.496068243
1-20-f,0.641509434,0.729782107
1-20-f,0.641509434,0.033608027
1-20-f,0.641509434,0.885054258
1-20-f,0.641509434,0.418747127
1-20-f,0.641509434,0.607628557
1-20-f,0.641509434,0.143164661
1-20-f,0.641509434,0.140116114
1-20-f,0.641509434,0.754571386
1-20-f,0.641509434,0.64053428
1-20-f,0.641509434,0.025425616
1-13-b,0.666666667,0.227421265
1-13-b,0.666666667,0.162386316
1-13-b,0.666666667,0.894076718
1-14-c,0.666666667,0.407324006
1-14-c,0.666666667,0.746629513
1-15-c,0.666666667,0.9378081
1-15-c,0.666666667,0.91968694
1-15-c,0.666666667,0.72591757
1-15-c,0.666666667,0.91367273
1-15-c,0.666666667,0.74070412
1-15-c,0.666666667,0.86686689
1-15-c,0.666666667,0.91466359
1-15-c,0.666666667,0.9279828
1-15-c,0.666666667,0.97982058
1-15-c,0.666666667,0.80113129
1-15-c,0.666666667,0.33748424
1-15-c,0.666666667,0.7090159
1-19-c,0.666666667,0.11382423
1-19-c,0.666666667,0.19608644
1-19-c,0.666666667,0.41665104
1-19-c,0.666666667,0.34404047
1-19-f,0.714285714,0.14318438
1-19-f,0.714285714,0.24157023
1-19-f,0.714285714,0.10179581
1-19-f,0.714285714,0.43995553
1-19-f,0.714285714,0.09474831
1-19-f,0.714285714,0.8711215
1-19-f,0.714285714,0.56897788
1-14-d,0.75,0.218453
1-14-d,0.75,0.46590491
1-14-d,0.75,0.486219
1-14-d,0.75,0.0835322
1-14-d,0.75,0.86275555
1-14-d,0.75,0.35192157
1-14-d,0.75,0.59013752
1-14-d,0.75,0.05236437
1-14-d,0.75,0.56840159
1-19-d,0.756756757,0.34664292
1-19-d,0.756756757,0.67325404
1-19-d,0.756756757,0.92165209
1-19-d,0.756756757,0.7354626
1-19-d,0.756756757,0.39608459
1-19-d,0.756756757,0.23344287
1-19-d,0.756756757,0.55108029
1-19-d,0.756756757,0.41744227
1-19-d,0.756756757,0.46131851
1-19-d,0.756756757,0.40965494
1-19-d,0.756756757,0.13604629
1-19-d,0.756756757,0.92511787
1-19-d,0.756756757,0.66773405
1-19-d,0.756756757,0.56968223
1-19-d,0.756756757,0.90772223
1-19-d,0.756756757,0.58184846
1-19-d,0.756756757,0.16874885
1-19-e,0.777777778,0.25915365
1-19-e,0.777777778,0.23504334
1-19-e,0.777777778,0.15137086
1-19-e,0.777777778,0.48412722
1-12-e,0.8,0.512339
1-12-e,0.8,0.70802315
1-12-e,0.8,0.61625865
1-12-e,0.8,0.38704641
1-12-e,0.8,0.63140577
1-12-e,0.8,0.36714467
1-12-e,0.8,0.26806236
1-12-e,0.8,0.48724459
1-12-e,0.8,0.17558615
1-12-e,0.8,0.76742693
1-12-h,0.818181818,0.34645551
1-12-h,0.818181818,0.02961232
1-12-h,0.818181818,0.19869723
1-12-h,0.818181818,0.01484485
1-12-h,0.818181818,0.02851012
1-12-h,0.818181818,0.76168767
1-16-b,0.846153846,0.7315779
1-16-b,0.846153846,0.41319637
1-16-b,0.846153846,0.89120651
1-16-b,0.846153846,0.52516374
1-16-b,0.846153846,0.71031635
1-16-b,0.846153846,0.72460908
1-16-b,0.846153846,0.9411429
1-16-b,0.846153846,0.38347393
1-16-c,0.852941176,0.90223385
1-16-c,0.852941176,0.83106975
1-16-c,0.852941176,0.96637661
1-16-c,0.852941176,0.98229767
1-16-c,0.852941176,0.21807009
1-16-c,0.852941176,0.28062179
1-16-c,0.852941176,0.65785155
1-16-c,0.852941176,0.70783558
1-16-c,0.852941176,0.59959935
1-16-c,0.852941176,0.45350566
1-16-c,0.852941176,0.51015826
1-16-c,0.852941176,0.2479805
1-16-c,0.852941176,0.51700788
1-16-c,0.852941176,0.86041135
1-16-c,0.852941176,0.9214448
1-16-c,0.852941176,0.44075358
1-16-f,0.857142857,0.6159492
1-16-f,0.857142857,0.84020999
1-16-f,0.857142857,0.8230261
1-16-f,0.857142857,0.79822725
1-16-f,0.857142857,0.80247827
1-14-a,0.894736842,0.22612639
1-14-a,0.894736842,0.21872504
1-14-a,0.894736842,0.02359762
1-14-a,0.894736842,0.00371603
1-14-a,0.894736842,0.71153923
1-14-a,0.894736842,0.22402078
1-14-a,0.894736842,0.25158093
1-14-a,0.894736842,0.03544175
1-14-a,0.894736842,0.05340181
1-14-a,0.894736842,0.27737573
1-14-a,0.894736842,0.02434695
1-14-a,0.894736842,0.51118468
1-14-a,0.894736842,0.43690216
1-15-e,0.9,0.32623624
1-15-e,0.9,0.44262033
1-15-e,0.9,0.25852379
1-13-c,0.909090909,0.00365408
1-13-c,0.909090909,0.134445841
1-13-c,0.909090909,0.046871461
1-13-c,0.909090909,0.416721282
1-13-c,0.909090909,0.01952876
1-19-b,0.909090909,0.02599678
1-19-b,0.909090909,0.4732738
1-19-b,0.909090909,0.27827823
1-19-b,0.909090909,0.22969591
1-17-a,0.916666667,0.87394389
1-17-a,0.916666667,0.30487118
1-17-a,0.916666667,0.62500873
1-17-a,0.916666667,0.22333247
1-17-b,0.916666667,0.88409182
1-17-b,0.916666667,0.493747
1-17-b,0.916666667,0.76728212
1-17-b,0.916666667,0.74174894
1-17-b,0.916666667,0.91188422
1-17-b,0.916666667,0.93320271
1-20-e,0.916666667,0.52788167
1-20-e,0.916666667,0.7515549
1-20-e,0.916666667,0.02715748
1-20-e,0.916666667,0.82511983
1-20-e,0.916666667,0.21442277
1-20-e,0.916666667,0.64881278
1-20-e,0.916666667,0.38472602
1-20-e,0.916666667,0.06449192
1-20-e,0.916666667,0.16595685
1-20-e,0.916666667,0.7697836
1-20-e,0.916666667,0.44100737
1-20-e,0.916666667,0.86236546
1-20-e,0.916666667,0.10136219
1-20-e,0.916666667,0.62449819
1-20-e,0.916666667,0.18270935
1-20-e,0.916666667,0.94068102
1-20-e,0.916666667,0.07363545
1-10-b,1,0.51497776
1-10-b,1,0.66674979
1-10-b,1,0.91162409
1-10-b,1,0.22351719
1-10-b,1,0.47261135
1-10-b,1,0.91542559
1-10-b,1,0.53645807
1-10-b,1,0.45413654
1-10-b,1,0.52951411
1-10-b,1,0.77153126
1-10-b,1,0.95700422
1-10-b,1,0.50048266
1-10-b,1,0.60096048
1-12-b,1,0.40798608
1-12-b,1,0.71087332
1-12-c,1,0.49888659
1-12-g,1,0.86727072
1-12-g,1,0.01456162
1-12-g,1,0.54197743
1-12-g,1,0.43286789
1-12-g,1,0.69033618
1-12-g,1,0.82446635
1-13-a,1,0.004082931
1-13-a,1,0.00314925
1-13-a,1,0.010858293
1-13-a,1,0.014917024
1-13-a,1,0.019061307
1-15-d,1,0.467269324
1-15-d,1,0.187034687
1-15-d,1,0.339868613
1-15-d,1,0.428101405
1-15-d,1,0.605528688
1-15-f,1,0.674423977
1-15-f,1,0.317185269
1-15-f,1,0.889236515
1-15-f,1,0.25266181
1-16-a,1,0.45301532
1-16-a,1,0.49826832
1-16-a,1,0.47032009
1-16-a,1,0.57528586
1-16-a,1,0.6354034
1-16-a,1,0.86808804
1-16-a,1,0.74777116
1-16-a,1,0.40602011
1-16-a,1,0.44583019
1-16-a,1,0.18830945
1-16-a,1,0.48291958
1-16-a,1,0.40020816
1-16-a,1,0.11954826
1-16-a,1,0.71112193
1-16-a,1,0.17439701
1-16-d,1,0.550708412
1-16-d,1,0.639057736
1-16-d,1,0.565295898
1-16-d,1,0.438213685