name,red,Date,Vials on date,Folder_ID,Photo_ID
U Fathers,0.005174177,9/12/25,,U fathers,U_F-1
U Fathers,0.006814381,9/12/25,,U fathers,U_F-2
U Fathers,0.005232441,9/12/25,,U fathers,U_F-3
U Fathers,0.020093895,9/12/25,,U fathers,U_F-4
U Fathers,0.035411743,9/15/25,,U fathers,U_F-5
U Fathers,0.020566499,9/15/25,,U fathers,U_F-6
U Fathers,0.029645124,9/15/25,,U fathers,U_F-7
U Fathers,0.092615655,9/15/25,,U fathers,U_F-8
U Fathers,0.111629894,9/15/25,,U fathers,U_F-9
U Fathers,0.00117739,9/15/25,,U fathers,U_F-10
U Fathers,0.014799154,9/16/25,,U fathers,U_F-11
U Fathers,0.051450566,9/16/25,,U fathers,U_F-12
U Fathers,0.007418819,9/16/25,,U fathers,U_F-13
U Fathers,0.059836547,9/16/25,,U fathers,U_F-14
U Fathers,0.011058961,9/16/25,,U fathers,U_F-15
U Fathers,0.01450903,9/16/25,,U fathers,U_F-16
U Fathers,0.001521221,9/22/25,,U fathers,U_F-17
U Fathers,0.004429388,9/22/25,,U fathers,U_F-18
U Fathers,0.001679447,9/22/25,,U fathers,U_F-19
U Fathers,0.005717844,9/22/25,,U fathers,U_F-20
U Fathers,0.042263143,9/22/25,,U fathers,U_F-21
U Fathers,0.005982074,9/22/25,,U fathers,U_F-22
U Fathers,0.001915926,9/22/25,,U fathers,U_F-23
U Fathers,0.099043953,9/22/25,,U fathers,U_F-24
U Fathers,0.049395488,9/22/25,,U fathers,U_F-25
U Fathers,0.008495158,9/24/25,,U fathers,U_F-26
U Fathers,0.016085359,9/24/25,,U fathers,U_F-27
U Fathers,0.007372889,9/24/25,,U fathers,U_F-28
U Fathers,0.065204401,9/24/25,,U fathers,U_F-29
U Fathers,0.024313134,9/30/25,,U fathers,U_F-30
U Fathers,0.000161794,9/30/25,,U fathers,U_F-31
U Fathers,4.21381E-05,9/30/25,,U fathers,U_F-32
U Fathers,0.001296949,9/30/25,,U fathers,U_F-33
U Fathers,0.000830651,9/30/25,,U fathers,U_F-34
U Fathers,0.082369446,9/30/25,,U fathers,U_F-35
U Fathers,0.003506674,9/30/25,,U fathers,U_F-36
U Fathers,0.000859721,9/30/25,,U fathers,U_F-37
U Fathers,0.012719366,9/30/25,,U fathers,U_F-38
U Fathers,0.010430669,9/30/25,,U fathers,U_F-39
U Fathers,0.000397499,9/30/25,,U fathers,U_F-40
U Fathers,0.007596528,9/30/25,,U fathers,U_F-41
U Fathers,7.25141E-05,9/30/25,,U fathers,U_F-42
U Fathers,0.053953207,9/30/25,,U fathers,U_F-43
U Fathers,4.01812E-05,9/30/25,,U fathers,U_F-44
U Fathers,0,9/30/25,,U fathers,U_F-45
U Fathers,0.0077649,10/1/25,,U fathers,U_F-46
U Fathers,0.00995975,10/1/25,,U fathers,U_F-47
U Fathers,0.000183451,10/1/25,,U fathers,U_F-48
U Fathers,0.000948921,10/1/25,,U fathers,U_F-49
U Fathers,0.001817313,10/1/25,,U fathers,U_F-50
U Fathers,0.009644272,10/1/25,,U fathers,U_F-51
U Fathers,0.028335265,10/1/25,,U fathers,U_F-52
U Fathers,0.000121096,10/1/25,,U fathers,U_F-53
I fathers,0.000917278,9/12/25,,I fathers,I_F-1
I fathers,0.115864492,9/12/25,,I fathers,I_F-2
I fathers,0.090322843,9/15/25,,I fathers,I_F-3
I fathers,0.001097909,9/15/25,,I fathers,I_F-4
I fathers,0.016250051,9/16/25,,I fathers,I_F-5
I fathers,0.005799919,9/16/25,,I fathers,I_F-6
I fathers,0,9/22/25,,I fathers,I_F-7
I fathers,0.000162168,9/22/25,,I fathers,I_F-8
I fathers,0.000787263,9/22/25,,I fathers,I_F-9
I fathers,0.001202652,9/22/25,,I fathers,I_F-10
I fathers,6.97612E-06,9/24/25,,I fathers,I_F-11
I fathers,2.03275E-05,9/24/25,,I fathers,I_F-12
I fathers,3.80342E-06,9/24/25,,I fathers,I_F-13
I fathers,0.001065808,9/24/25,,I fathers,I_F-14
I fathers,0.00025885,9/29/25,,I fathers,I_F-15
I fathers,0.000913944,9/29/25,,I fathers,I_F-16
I fathers,0.019082249,9/29/25,,I fathers,I_F-17
I fathers,0.001712745,9/29/25,,I fathers,I_F-18
I fathers,0.025692594,9/29/25,,I fathers,I_F-19
I fathers,0.019223044,9/29/25,,I fathers,I_F-20
I fathers,0.012092186,9/29/25,,I fathers,I_F-21
I fathers,0.002220352,9/30/25,,I fathers,I_F-22
I fathers,0.021090623,9/30/25,,I fathers,I_F-23
I fathers,0.007149851,9/30/25,,I fathers,I_F-24
I fathers,0.001760347,9/30/25,,I fathers,I_F-25
I fathers,0.033543462,9/30/25,,I fathers,I_F-26
I fathers,0.010051301,10/1/25,,I fathers,I_F-27
I fathers,0.000822504,10/1/25,,I fathers,I_F-28
I fathers,0.020293535,10/1/25,,I fathers,I_F-29
I fathers,0,10/1/25,,I fathers,I_F-30
I fathers,0.009913158,10/1/25,,I fathers,I_F-31
I fathers,0.001157313,10/1/25,,I fathers,I_F-32
I fathers,0,10/1/25,,I fathers,I_F-33
UU,0.241011891,1-09-a,data per vial,1/9/26,a-1
UU,0.349165135,1-09-a,,1/9/26,a-2
UU,0.471497091,1-09-a,,1/9/26,a-3
UU,0.513688516,1-09-a,,1/9/26,a-4
UU,0.123662768,1-09-a,,1/9/26,a-5
UU,0.539673919,1-09-a,,1/9/26,a-6
UU,0.047304114,1-09-a,,1/9/26,a-7
UU,0.201943715,1-09-a,,1/9/26,a-8
UU,0.265140577,1-09-a,,1/9/26,a-9
UU,0.180103629,1-09-a,,1/9/26,a-10
UU,0.05882057,1-10-a,,1/10/26,a-1
UU,0.032593058,1-10-a,,1/10/26,a-2
UU,0.044892528,1-10-a,,1/10/26,a-3
UU,0.332174906,1-10-a,,1/10/26,a-4
UU,0.124892191,1-10-a,,1/10/26,a-5
UU,0.269924467,1-10-b,,1/10/26,b-1
UU,0.060344828,1-10-b,,1/10/26,b-2
UU,0.356897749,1-10-b,,1/10/26,b-3
UU,0.272263136,1-10-b,,1/10/26,b-4
UU,0.007219992,1-10-b,,1/10/26,b-5
UU,0.007821778,1-10-b,,1/10/26,b-6
UU,0.118664318,1-10-b,,1/10/26,b-7
UU,0.036121114,1-10-b,,1/10/26,b-8
UU,0.113475177,1-10-b,,1/10/26,b-9
UU,0.819241924,1-10-b,,1/10/26,b-10
UU,0.093264991,1-10-b,,1/10/26,b-11
UU,0.018212903,1-10-b,,1/10/26,b-12
UU,0.116112713,1-10-b,,1/10/26,b-13
UU,0.003092409,1-10-b,,1/10/26,b-14
UU,0.404347002,1-10-b,,1/10/26,b-15
UU,0.084101046,1-10-b,,1/10/26,b-16
UU,0.010518654,1-10-b,,1/10/26,b-17
UU,0.08211401,1-10-b,,1/10/26,b-18
UU,0.012426968,1-10-b,,1/10/26,b-19
UU,0.057854006,1-10-b,,1/10/26,b-20
UU,0.101294333,1-10-c,,1/10/26,c-1
UU,0.059775058,1-10-c,,1/10/26,c-2
UU,0.044549345,1-10-c,,1/10/26,c-3
UU,0.065401123,1-10-c,,1/10/26,c-4
UU,0.161442149,1-10-c,,1/10/26,c-5
UU,0.029290586,1-10-c,,1/10/26,c-6
UU,0.093132882,1-10-c,,1/10/26,c-7
UU,0.240567422,1-10-c,,1/10/26,c-8
UU,0.078017038,1-10-c,,1/10/26,c-9
UU,0.065365207,1-10-c,,1/10/26,c-10
UU,0.540127517,1-10-c,,1/10/26,c-11
UU,0.440391224,1-10-c,,1/10/26,c-12
UU,0.701590647,1-10-c,,1/10/26,c-13
UU,0.598469347,1-10-c,,1/10/26,c-14
UU,0.632067766,1-10-c,,1/10/26,c-15
UU,0.148734822,1-10-c,,1/10/26,c-16
UU,0.382073906,1-10-c,,1/10/26,c-17
UU,0.024879275,1-12-a,,1/12/26,a-1
UU,0.049116684,1-12-a,,1/12/26,a-2
UU,0.097000269,1-12-a,,1/12/26,a-3
UU,0.092880152,1-12-a,,1/12/26,a-4
UU,0.431303166,1-12-a,,1/12/26,a-5
UU,0.01621588,1-12-a,,1/12/26,a-6
UU,0.520684878,1-12-a,,1/12/26,a-7
UU,0.030376929,1-12-b,,1/12/26,b-1
UU,0.103519836,1-12-b,,1/12/26,b-2
UU,0.030959815,1-12-b,,1/12/26,b-3
UU,0.084077458,1-12-b,,1/12/26,b-4
UU,0.114607425,1-12-b,,1/12/26,b-5
UU,0.696615573,1-12-c,,1/12/26,c-1
UU,0.010398966,1-12-c,,1/12/26,c-2
UU,0.265227254,1-12-c,,1/12/26,c-3
UU,0.008966194,1-12-d,,1/12/26,d-1
UU,0.010038226,1-12-d,,1/12/26,d-2
UU,0.006026062,1-12-d,,1/12/26,d-3
UU,0.050067904,1-12-d,,1/12/26,d-4
UU,0.005733643,1-12-d,,1/12/26,d-5
UU,0.009606653,1-12-d,,1/12/26,d-6
UU,0.095498765,1-13-a,,1/13/26,a-1
UU,0.007972077,1-13-b,,1/13/26,b-1
UU,0.129950845,1-13-b,,1/13/26,b-2
UU,0.280279629,1-13-b,,1/13/26,b-3
UU,0.16356724,1-13-b,,1/13/26,b-4
UU,0.381432711,1-13-b,,1/13/26,b-5
UU,0.104039205,1-13-b,,1/13/26,b-6
UU,0.026584846,1-13-b,,1/13/26,b-7
UU,0.035254154,1-13-c,,1/13/26,c-1
UU,0.001293469,1-13-c,,1/13/26,c-2
UU,0.050988966,1-13-c,,1/13/26,c-3
UU,0.001537103,1-13-c,,1/13/26,c-4
UU,0.444843058,1-13-c,,1/13/26,c-5
UU,0.409132823,1-13-d,,1/13/26,d-1
UU,0.757365615,1-13-d,,1/13/26,d-2
UU,0.09177106,1-13-d,,1/13/26,d-3
UU,0.270510472,1-13-d,,1/13/26,d-4
UU,0.078935762,1-13-d,,1/13/26,d-5
UU,0.710626714,1-13-d,,1/13/26,d-6
UU,0.062719123,1-13-d,,1/13/26,d-7
UU,0.460259615,1-13-d,,1/13/26,d-8
UU,0.372570667,1-13-d,,1/13/26,d-9
UU,0.483372671,1-13-d,,1/13/26,d-10
UU,0.213575426,1-13-e,,1/13/26,e-1
UU,0.001903304,1-13-e,,1/13/26,e-2
UU,0.021997943,1-13-e,,1/13/26,e-3
UU,0.005627605,1-13-e,,1/13/26,e-4
UU,0.002484358,1-13-e,,1/13/26,e-5
UU,0.0623267,1-13-e,,1/13/26,e-6
UU,0.268013783,1-13-f,,1/13/26,f-1
UU,0.081783398,1-13-f,,1/13/26,f-2
UU,0.000790165,1-13-f,,1/13/26,f-3
UU,0.062234507,1-13-f,,1/13/26,f-4
UU,0.317723571,1-13-f,,1/13/26,f-5
UU,0.110847671,1-13-f,,1/13/26,f-6
UU,0.005991606,1-14-a,,1/14/26,a-1
UU,0.569556222,1-14-a,,1/14/26,a-2
UU,0.494167005,1-14-a,,1/14/26,a-3
UU,0.254556132,1-14-a,,1/14/26,a-4
UU,0.039604865,1-14-a,,1/14/26,a-5
UU,0.5374281,1-14-a,,1/14/26,a-6
UU,0.750461366,1-14-a,,1/14/26,a-7
UU,0.134444188,1-14-a,,1/14/26,a-8
UU,0.409790857,1-14-a,,1/14/26,a-9
UU,0.614916665,1-14-a,,1/14/26,a-10
UU,0.002761495,1-14-b,,1/14/26,b-1
UU,0.006479858,1-14-b,,1/14/26,b-2
UU,0.004063783,1-14-b,,1/14/26,b-3
UU,0.004766807,1-14-b,,1/14/26,b-4
UU,0.002872573,1-14-b,,1/14/26,b-5
UU,0.002166858,1-14-b,,1/14/26,b-6
UU,0.26034854,1-14-c,,1/14/26,c-1
UU,0.086503776,1-14-c,,1/14/26,c-2
UU,0.092750179,1-14-c,,1/14/26,c-3
UU,0.252894268,1-14-c,,1/14/26,c-4
UU,0.29564231,1-14-c,,1/14/26,c-5
UU,0.104672081,1-14-c,,1/14/26,c-6
UU,0.274541077,1-14-c,,1/14/26,c-7
UU,0.041001382,1-15-a,,1/15/26,a-1
UU,0.000161984,1-15-a,,1/15/26,a-2
UU,0.000881523,1-15-a,,1/15/26,a-3
UU,8.25E-05,1-15-a,,1/15/26,a-4
UU,0.000416903,1-15-a,,1/15/26,a-5
UU,0.011734465,1-15-b,,1/15/26,b-1
UU,0.058172055,1-15-b,,1/15/26,b-2
UU,0.022428627,1-15-b,,1/15/26,b-3
UU,0.020798435,1-15-b,,1/15/26,b-4
UU,0.242457004,1-15-c,,1/15/26,c-1
UU,0.182797976,1-15-c,,1/15/26,c-2
UU,0.742702941,1-15-c,,1/15/26,c-3
UU,0.538897958,1-15-c,,1/15/26,c-4
UU,0.013284275,1-15-d,,1/15/26,d-1
UU,0.239191777,1-15-d,,1/15/26,d-2
UU,0.060116511,1-15-d,,1/15/26,d-3
UU,0.24991121,1-15-d,,1/15/26,d-4
UU,0.157872996,1-15-d,,1/15/26,d-5
UU,0.008729866,1-15-d,,1/15/26,d-6
UU,0.04597062,1-15-d,,1/15/26,d-7
UU,0.043454963,1-15-d,,1/15/26,d-8
UU,0.012677038,1-15-d,,1/15/26,d-9
UU,0.019494964,1-15-d,,1/15/26,d-10
UU,0.030072169,1-15-d,,1/15/26,d-11
UU,0.060864917,1-15-d,,1/15/26,d-12
UU,0.02386026,1-15-d,,1/15/26,d-13
UU,0.050606339,1-15-d,,1/15/26,d-14
UU,0.219792219,1-15-d,,1/15/26,d-15
UU,0.025271699,1-15-d,,1/15/26,d-16
UU,0.005475433,1-15-d,,1/15/26,d-17
UU,0.024005598,1-15-d,,1/15/26,d-18
UU,0.22188795,1-15-e,,1/15/26,e-1
UU,0.045138889,1-15-e,,1/15/26,e-2
UU,0.017204191,1-15-e,,1/15/26,e-3
UU,0.075673308,1-15-e,,1/15/26,e-4
UU,0.094037472,1-15-e,,1/15/26,e-5
UU,0.571225028,1-15-e,,1/15/26,e-6
UU,0.117515138,1-15-e,,1/15/26,e-7
UU,0.266965732,1-15-e,,1/15/26,e-8
UU,0.007412975,1-15-e,,1/15/26,e-9
UU,0.00856647,1-15-e,,1/15/26,e-10
UU,0.205985102,1-15-e,,1/15/26,e-11
UU,0.022257215,1-15-e,,1/15/26,e-12
UU,0.050209248,1-15-e,,1/15/26,e-13
UU,0.02460575,1-15-e,,1/15/26,e-14
UU,0.046621526,1-15-e,,1/15/26,e-15
UU,0.08909239,1-15-e,,1/15/26,e-16
UU,0.071581197,1-15-e,,1/15/26,e-17
UU,0.024990306,1-15-e,,1/15/26,e-18
UU,0.163302548,1-15-e,,1/15/26,e-19
UU,0.204075662,1-15-e,,1/15/26,e-20
UU,0.118007239,1-15-e,,1/15/26,e-21
UU,0.021502956,1-15-e,,1/15/26,e-22
UU,0.034335335,1-15-e,,1/15/26,e-23
UU,0.047751187,1-15-e,,1/15/26,e-24
UU,0.013634889,1-15-e,,1/15/26,e-25
UU,0.000452889,1-15-e,,1/15/26,e-26
UU,0.350036253,1-15-f,,1/15/26,f-1
UU,0.510122103,1-15-f,,1/15/26,f-2
UU,0.132110204,1-15-f,,1/15/26,f-3
UU,0.639680175,1-15-f,,1/15/26,f-4
UU,0.018444651,1-15-f,,1/15/26,f-5
UU,0.631562199,1-15-f,,1/15/26,f-6
UU,0.36594797,1-15-f,,1/15/26,f-7
UU,0.409088598,1-15-f,,1/15/26,f-8
UU,0.345049515,1-15-f,,1/15/26,f-9
UU,0.135218519,1-15-f,,1/15/26,f-10
UU,0.192688446,1-15-f,,1/15/26,f-11
UU,0.079334547,1-15-f,,1/15/26,f-12
UU,0.474622565,1-15-f,,1/15/26,f-13
UU,0.409359359,1-15-f,,1/15/26,f-14
UU,0.828445968,1-15-f,,1/15/26,f-15
UU,0.384892376,1-15-f,,1/15/26,f-16
UU,0.841723229,1-15-g,,1/15/26,g-1
UU,0.172850512,1-15-g,,1/15/26,g-2
UU,0.300462494,1-15-g,,1/15/26,g-3
UU,0.258034614,1-15-g,,1/15/26,g-4
UU,0.116626026,1-15-g,,1/15/26,g-5
UU,0.384182954,1-15-g,,1/15/26,g-6
UU,0.380591907,1-15-g,,1/15/26,g-7
UU,0.043345066,1-15-g,,1/15/26,g-8
UU,0.025794847,1-15-g,,1/15/26,g-9
UU,0.07224922,1-15-g,,1/15/26,g-10
UU,0.702011425,1-15-g,,1/15/26,g-11
UU,0.053881825,1-15-g,,1/15/26,g-12
UU,0.378726287,1-15-h,,1/15/26,h-1
UU,0.103941157,1-15-h,,1/15/26,h-2
UU,0.044182243,1-15-h,,1/15/26,h-3
UU,0.039890806,1-15-h,,1/15/26,h-4
UU,0.264131604,1-15-h,,1/15/26,h-5
UU,0.186495177,1-15-h,,1/15/26,h-6
UU,0.162390659,1-15-h,,1/15/26,h-7
UU,0.19196505,1-15-h,,1/15/26,h-8
UU,0.044309979,1-15-h,,1/15/26,h-9
UU,0.867716125,1-15-h,,1/15/26,h-10
UU,0.276402366,1-15-i,,1/15/26,i-1
UU,0.183361474,1-15-i,,1/15/26,i-2
UU,0.236703887,1-15-i,,1/15/26,i-3
UU,0.180071524,1-15-i,,1/15/26,i-4
UU,0.677390797,1-15-i,,1/15/26,i-5
UU,0.417565332,1-15-i,,1/15/26,i-6
UU,0.489791246,1-15-i,,1/15/26,i-7
UU,0.561421756,1-15-i,,1/15/26,i-8
UU,0.37925917,1-15-i,,1/15/26,i-9
UU,0.260202344,1-15-i,,1/15/26,i-10
UU,0.21633645,1-15-i,,1/15/26,i-11
UU,0.613419965,1-15-i,,1/15/26,i-12
UU,0.081280988,1-15-i,,1/15/26,i-13
UU,0.293432617,1-15-i,,1/15/26,i-14
UU,0.458836553,1-15-i,,1/15/26,i-15
UU,0.447422187,1-15-i,,1/15/26,i-16
UU,0.061516755,1-15-i,,1/15/26,i-17
UU,0.243380213,1-15-i,,1/15/26,i-18
UU,0.88225918,1-15-i,,1/15/26,i-19
UU,0.103313142,1-15-i,,1/15/26,i-20
UU,0.555421238,1-15-i,,1/15/26,i-21
UU,0.202212926,1-15-i,,1/15/26,i-22
UU,0.318126795,1-15-i,,1/15/26,i-23
UU,0.080509415,1-15-i,,1/15/26,i-24
UU,0.072877997,1-15-i,,1/15/26,i-25
UU,0.052077268,1-15-i,,1/15/26,i-26
UU,0.015623408,1-15-j,,1/15/26,j-1
UU,0.060242691,1-15-j,,1/15/26,j-2
UU,0.066969388,1-15-j,,1/15/26,j-3
UU,0.20851959,1-15-j,,1/15/26,j-4
UU,0.197847657,1-15-j,,1/15/26,j-5
UU,0.007196242,1-15-j,,1/15/26,j-6
UU,0.027795135,1-15-j,,1/15/26,j-7
UU,0.005053307,1-15-j,,1/15/26,j-8
UU,0.091298748,1-15-j,,1/15/26,j-9
UU,0.030135163,1-15-j,,1/15/26,j-10
UU,0.007823753,1-15-j,,1/15/26,j-11
UU,0.00481002,1-15-k,,1/15/26,k-1
UU,0.033721178,1-15-k,,1/15/26,k-2
UU,0.227944319,1-15-k,,1/15/26,k-3
UU,0.094222974,1-15-k,,1/15/26,k-4
UU,0.079017898,1-15-k,,1/15/26,k-5
UU,0.011535226,1-15-k,,1/15/26,k-6
UU,6.05E-05,1-15-k,,1/15/26,k-7
UU,0.006553385,1-15-k,,1/15/26,k-8
UU,0.000980362,1-15-k,,1/15/26,k-9
UU,0.001999254,1-15-k,,1/15/26,k-10
UU,0.007789465,1-15-k,,1/15/26,k-11
UU,0.003877488,1-15-k,,1/15/26,k-12
UU,0.002217249,1-15-k,,1/15/26,k-13
UU,0.922400569,1-16-a,,1/16/26,a-1
UU,0.671610021,1-16-a,,1/16/26,a-2
UU,0.604281492,1-16-a,,1/16/26,a-3
UU,0.228446551,1-16-a,,1/16/26,a-4
UU,0.201861138,1-16-a,,1/16/26,a-5
UU,0.205164631,1-16-a,,1/16/26,a-6
UU,0.001921298,1-16-a,,1/16/26,a-7
UU,0.139888393,1-16-a,,1/16/26,a-8
UU,0.100053171,1-16-a,,1/16/26,a-9
UU,0.259796093,1-16-a,,1/16/26,a-10
UU,0.903499459,1-16-a,,1/16/26,a-11
UU,0.20176682,1-16-a,,1/16/26,a-12
UU,0.103513465,1-16-b,,1/16/26,b-1
UU,0.370092862,1-16-b,,1/16/26,b-2
UU,0.878624747,1-16-b,,1/16/26,b-3
UU,0.464436144,1-16-b,,1/16/26,b-4
UU,0.428252267,1-16-b,,1/16/26,b-5
UU,0.062846787,1-16-b,,1/16/26,b-6
UU,0.715670682,1-16-b,,1/16/26,b-7
UU,0.248564158,1-16-b,,1/16/26,b-8
UU,0.35423498,1-16-b,,1/16/26,b-9
UU,0.112925564,1-16-c,,1/16/26,c-1
UU,0.263408772,1-16-c,,1/16/26,c-2
UU,0.448942502,1-16-c,,1/16/26,c-3
UU,0.554060567,1-16-c,,1/16/26,c-4
UU,0.038636341,1-16-d,,1/16/26,d-1
UU,0.493686616,1-16-d,,1/16/26,d-2
UU,0.106468717,1-16-d,,1/16/26,d-3
UU,0.407016557,1-16-d,,1/16/26,d-4
UU,0.136660253,1-16-d,,1/16/26,d-5
UU,0.149945508,1-16-d,,1/16/26,d-6
UU,0.385938744,1-16-d,,1/16/26,d-7
UU,0.536709874,1-16-d,,1/16/26,d-8
UU,0.274674836,1-16-d,,1/16/26,d-9
UU,0.277795167,1-16-d,,1/16/26,d-10
UU,0.434249577,1-16-d,,1/16/26,d-11
UU,0.17918382,1-16-d,,1/16/26,d-12
UU,0.59347326,1-16-d,,1/16/26,d-13
UU,0.026337381,1-16-d,,1/16/26,d-14
UU,0.005418292,1-16-e,,1/16/26,e-1
UU,0.04592936,1-16-e,,1/16/26,e-2
UU,0.0223653,1-16-e,,1/16/26,e-3
UU,0.264916731,1-16-e,,1/16/26,e-4
UU,0.039089464,1-16-e,,1/16/26,e-5
UU,0.124423153,1-16-e,,1/16/26,e-6
UU,0.005625996,1-16-e,,1/16/26,e-7
UU,0.062831181,1-16-e,,1/16/26,e-8
UU,0.152303844,1-16-e,,1/16/26,e-9
UU,0.046977137,1-16-e,,1/16/26,e-10
UU,0.080299166,1-16-e,,1/16/26,e-11
UU,0.026311737,1-16-e,,1/16/26,e-12
UU,0.009307568,1-16-e,,1/16/26,e-13
UU,0.335260924,1-16-f,,1/16/26,f-1
UU,0.371533491,1-16-f,,1/16/26,f-2
UU,0.546119168,1-16-f,,1/16/26,f-3
UU,0.039671335,1-16-f,,1/16/26,f-4
UU,0.056688562,1-16-f,,1/16/26,f-5
UU,0.438515933,1-16-f,,1/16/26,f-6
UU,0.242149161,1-16-f,,1/16/26,f-7
UU,0.585455851,1-16-f,,1/16/26,f-8
UU,0.411796821,1-16-f,,1/16/26,f-9
UU,0.151963418,1-16-f,,1/16/26,f-10
UU,0.554973142,1-16-g,,1/16/26,g-1
UU,0.031038061,1-16-g,,1/16/26,g-2
UU,0.271420217,1-16-h,,1/16/26,h-1
UU,0.232265926,1-16-h,,1/16/26,h-2
UU,0.090719352,1-16-h,,1/16/26,h-3
UU,0.028525492,1-16-h,,1/16/26,h-4
UU,0.543300211,1-16-h,,1/16/26,h-5
UU,0.051080471,1-16-h,,1/16/26,h-6
UU,0.125408657,1-16-h,,1/16/26,h-7
UU,0.55148672,1-17-a,,1/17/26,a-1
UU,0.364983137,1-17-a,,1/17/26,a-2
UU,0.237292557,1-17-a,,1/17/26,a-3
UU,0.185498337,1-17-a,,1/17/26,a-4
UU,0.340474637,1-17-a,,1/17/26,a-5
UU,0.236650424,1-17-a,,1/17/26,a-6
UU,0.114023844,1-17-a,,1/17/26,a-7
UU,0.2748695,1-17-a,,1/17/26,a-8
UU,0.30205692,1-17-a,,1/17/26,a-9
UU,0.634854027,1-17-a,,1/17/26,a-10
UU,0.229499742,1-17-b,,1/17/26,b-1
UU,0.033648242,1-17-b,,1/17/26,b-2
UU,0.013261892,1-17-b,,1/17/26,b-3
UU,0.043412286,1-17-b,,1/17/26,b-4
UU,0.004726399,1-17-c,,1/17/26,c-1
UU,0.015812293,1-17-c,,1/17/26,c-2
UU,0.003063072,1-17-c,,1/17/26,c-3
UU,0.415605651,1-17-c,,1/17/26,c-4
UU,0.008686165,1-17-c,,1/17/26,c-5
UU,0.006413743,1-18-a,,1/18/26,a-1
UU,0.034562118,1-18-a,,1/18/26,a-2
UU,2.074E-05,1-18-a,,1/18/26,a-3
UU,0.002040168,1-18-a,,1/18/26,a-4
UU,0.18638867,1-18-a,,1/18/26,a-5
UU,0.044412844,1-18-a,,1/18/26,a-6
UU,0.043390699,1-18-a,,1/18/26,a-7
UU,0.089460175,1-18-a,,1/18/26,a-8
UU,0.04709881,1-18-a,,1/18/26,a-9
UU,0.147951163,1-18-a,,1/18/26,a-10
UU,0.590821164,1-18-b,,1/18/26,b-1
UU,0.32539212,1-18-b,,1/18/26,b-2
UU,0.063641804,1-18-b,,1/18/26,b-3
UU,0.754939878,1-18-b,,1/18/26,b-4
UU,0.125833141,1-18-b,,1/18/26,b-5
UU,0.523912107,1-18-b,,1/18/26,b-6
UU,0.204352121,1-18-b,,1/18/26,b-7
UU,0.013786272,1-18-c,,1/18/26,c-1
UU,0.020251432,1-18-c,,1/18/26,c-2
UU,0.003445094,1-18-d,,1/18/26,d-1
UU,0.032113643,1-18-d,,1/18/26,d-2
UU,0.003788187,1-18-d,,1/18/26,d-3
UU,0.004106464,1-18-d,,1/18/26,d-4
UU,0.044759259,1-18-d,,1/18/26,d-5
UU,0.379185976,1-18-e,,1/18/26,e-1
UU,0.194359332,1-18-e,,1/18/26,e-2
UU,0.146871548,1-18-e,,1/18/26,e-3
UU,0.518152544,1-18-e,,1/18/26,e-4
UU,0.285220286,1-18-e,,1/18/26,e-5
UU,0.014045323,1-19-a,,1/19/26,a-1
UU,0.014403808,1-19-a,,1/19/26,a-2
UU,0.021694184,1-19-a,,1/19/26,a-3
UU,0.083400785,1-19-a,,1/19/26,a-4
UU,0.034974622,1-19-a,,1/19/26,a-5
UU,0.001145897,1-19-a,,1/19/26,a-6
UU,0.068566841,1-19-a,,1/19/26,a-7
UU,0.008757157,1-19-a,,1/19/26,a-8
UU,0.007750735,1-19-a,,1/19/26,a-9
UU,0.105446858,1-19-b,,1/19/26,b-1
UU,0.01888412,1-19-b,,1/19/26,b-2
UU,0.642639195,1-19-b,,1/19/26,b-3
UU,0.294281,1-19-b,,1/19/26,b-4
UU,0.200381756,1-19-b,,1/19/26,b-5
UU,0.04199078,1-19-b,,1/19/26,b-6
UU,0.027733951,1-19-b,,1/19/26,b-7
UU,0.000912985,1-19-b,,1/19/26,b-8
UU,0.118678621,1-19-b,,1/19/26,b-9
UU,0.196386795,1-19-c,,1/19/26,c-1
UU,0.003780429,1-19-c,,1/19/26,c-2
UU,0.257081417,1-19-c,,1/19/26,c-3
UU,0.058051022,1-19-c,,1/19/26,c-4
UU,0.051668504,1-19-c,,1/19/26,c-5
UU,0.008533635,1-19-c,,1/19/26,c-6
UU,0.033845483,1-19-c,,1/19/26,c-7
UU,0.029964398,1-19-d,,1/19/26,d-1
UU,0.054990422,1-19-d,,1/19/26,d-2
UU,0.206782134,1-19-d,,1/19/26,d-3
UU,0.130396557,1-19-d,,1/19/26,d-4
UU,0.209112009,1-19-d,,1/19/26,d-5
UU,0.154359362,1-19-d,,1/19/26,d-6
UU,0.088804922,1-19-d,,1/19/26,d-7
UU,0.038831678,1-19-d,,1/19/26,d-8
UU,0.019789079,1-19-e,,1/19/26,e-1
UU,0.18459249,1-20-a,,1/20/26,a-1
UU,0.319802099,1-20-a,,1/20/26,a-2
UU,0.301576966,1-20-a,,1/20/26,a-3
UU,0.287838216,1-20-b,,1/20/26,b-1
UU,0.491016353,1-20-b,,1/20/26,b-2
UU,0.326941001,1-20-b,,1/20/26,b-3
UU,0.769616761,1-20-c,,1/20/26,c-1
UU,0.764513368,1-20-c,,1/20/26,c-2
UU,0.874056947,1-20-c,,1/20/26,c-3
UU,0.784889032,1-20-c,,1/20/26,c-4
UU,0.264551121,1-20-c,,1/20/26,c-5
UU,0.331620027,1-20-c,,1/20/26,c-6
UU,0.653755309,1-20-c,,1/20/26,c-7
UU,0.202544613,1-20-d,,1/20/26,d-1
UU,0.036799902,1-20-d,,1/20/26,d-2
UU,0.063849964,1-20-d,,1/20/26,d-3
UU,0.611708578,1-20-d,,1/20/26,d-4
UU,0.007630897,1-20-d,,1/20/26,d-5
UU,0.344382688,1-20-e,,1/20/26,e-1
UU,0.461140414,1-20-e,,1/20/26,e-2
UU,0.549633198,1-20-e,,1/20/26,e-3
UU,0.227248394,1-20-e,,1/20/26,e-4
UU,0.642310182,1-20-e,,1/20/26,e-5
UU,0.266291053,1-20-e,,1/20/26,e-6
UU,0.78204125,1-20-e,,1/20/26,e-7
UU,0.638522164,1-20-e,,1/20/26,e-8
UU,0.721597407,1-20-e,,1/20/26,e-9
UU,0.442951084,1-20-e,,1/20/26,e-10
UU,0.350103958,1-20-e,,1/20/26,e-11
UU,0.23473859,1-20-e,,1/20/26,e-12
UU,0.007313984,1-20-f,,1/20/26,f-1
UU,0.086569529,1-20-f,,1/20/26,f-2
UU,0.053911129,1-20-f,,1/20/26,f-3
UU,0.012631058,1-20-f,,1/20/26,f-4
UU,0.005945227,1-20-f,,1/20/26,f-5
UU,0.0009974,1-20-f,,1/20/26,f-6
UU,0.047225786,1-20-f,,1/20/26,f-7
UU,0.004653303,1-20-f,,1/20/26,f-8
UU,0.030170266,1-20-f,,1/20/26,f-9
UU,0.025564093,1-20-g,,1/20/26,g-1
UU,0.428926064,1-20-g,,1/20/26,g-2
UU,0.20147146,1-20-g,,1/20/26,g-3
UU,0.011781793,1-20-g,,1/20/26,g-4
UU,0.132218304,1-20-g,,1/20/26,g-5
UU,0.309782063,1-21-a,,1/21/26,a-1
UU,0.174528349,1-21-a,,1/21/26,a-2
UU,0.283650735,1-21-a,,1/21/26,a-3
UU,0.036171816,1-21-a,,1/21/26,a-4
UU,0.34034367,1-21-b,,1/21/26,b-1
UU,0.67691772,1-21-b,,1/21/26,b-2
UU,0.835239862,1-21-b,,1/21/26,b-3
UU,0.699547412,1-21-b,,1/21/26,b-4
UU,0.275708482,1-21-b,,1/21/26,b-5
UU,0.49390714,1-21-b,,1/21/26,b-6
UU,0.646056156,1-21-b,,1/21/26,b-7
UU,0.337775685,1-21-b,,1/21/26,b-8
UU,0.715203341,1-21-b,,1/21/26,b-9
UU,0.695891013,1-22-a,,1/22/26,a-1
UU,0.03585698,1-22-a,,1/22/26,a-2
UU,0.029875705,1-22-a,,1/22/26,a-3
UU,0.547787225,1-22-a,,1/22/26,a-4
UU,0.115228627,1-22-a,,1/22/26,a-5
UU,0.225968211,1-22-b,,1/22/26,b-1
UU,0.016479362,1-22-b,,1/22/26,b-2
UU,0.078439437,1-22-b,,1/22/26,b-3
UU,0.010295695,1-22-b,,1/22/26,b-4
UU,0.014095656,1-22-b,,1/22/26,b-5
UU,0.026365746,1-22-b,,1/22/26,b-6
UU,0.322000716,1-22-c,,1/22/26,c-1
UU,0.093634908,1-22-c,,1/22/26,c-2
UU,0.526234304,1-22-c,,1/22/26,c-3
UU,0.184325661,1-22-c,,1/22/26,c-4
UU,0.649718927,1-22-c,,1/22/26,c-5
UU,0.280525043,1-22-c,,1/22/26,c-6
UU,0.600614209,1-22-d,,1/22/26,d-1
UU,0.528812983,1-22-d,,1/22/26,d-2
UU,0.003553594,1-22-d,,1/22/26,d-3
UU,0.038040566,1-22-d,,1/22/26,d-4
UU,0.608245461,1-22-e,,1/22/26,e-1
UU,0.340346497,1-22-e,,1/22/26,e-2
UU,0.82396564,1-22-e,,1/22/26,e-3
UU,0.356199816,1-22-e,,1/22/26,e-4
UU,0.234076113,1-22-e,,1/22/26,e-5
UU,0.54557293,1-22-e,,1/22/26,e-6
UU,0.65037963,1-22-e,,1/22/26,e-7
UU,0.890994072,1-22-e,,1/22/26,e-8
UU,0.353789184,1-22-e,,1/22/26,e-9
UU,0.691029034,1-22-e,,1/22/26,e-10
UU,0.003466169,1-22-e,,1/22/26,e-11
UU,0.345672942,1-22-f,,1/22/26,f-1
UU,0.516468115,1-22-f,,1/22/26,f-2
UU,0.763989414,1-22-f,,1/22/26,f-3
UU,0.094725239,1-22-f,,1/22/26,f-4
UU,0.31603868,1-22-f,,1/22/26,f-5
UU,0.341717779,1-22-f,,1/22/26,f-6
UU,0.654676473,1-22-f,,1/22/26,f-7
UU,0.67053355,1-22-f,,1/22/26,f-8
UU,0.504929989,1-22-f,,1/22/26,f-9
UU,0.717959782,1-22-f,,1/22/26,f-10
UU,0.610754668,1-22-f,,1/22/26,f-11
UU,0.258808759,1-22-f,,1/22/26,f-12
UU,0.167431992,1-22-g,,1/22/26,g-1
UU,0.507164708,1-22-g,,1/22/26,g-2
UU,0.550882825,1-22-h,,1/22/26,h-1
UU,0.286611215,1-22-h,,1/22/26,h-2
CI,0.035843377,1-20-a,data per vial,1/20/26,a-1
CI,0.044943935,1-20-a,,1/20/26,a-2
CI,0.697818094,1-10-a,,1/10/26,a-1
CI,0.08858002,1-16-e,,1/16/26,e-1
CI,0.230790878,1-16-e,,1/16/26,e-2
CI,0.172186508,1-16-e,,1/16/26,e-3
CI,0.269830406,1-21-a,,1/21/26,a-1
CI,0.800830585,1-21-a,,1/21/26,a-2
CI,0.253283359,1-14-b,,1/14/26,b-1
CI,0.168542315,1-14-b,,1/14/26,b-2
CI,0.018207808,1-14-b,,1/14/26,b-3
CI,0.738057182,1-14-b,,1/14/26,b-4
CI,0.265110068,1-14-b,,1/14/26,b-5
CI,0.022779345,1-20-d,,1/20/26,d-1
CI,0.62030377,1-12-a,,1/12/26,a-1
CI,0.257324597,1-19-a,,1/19/26,a-1
CI,0.03149951,1-19-a,,1/19/26,a-2
CI,0.82196,1-20-c,,1/20/26,c-1
CI,0.65013351,1-21-b,,1/21/26,b-1
CI,0.203335724,1-21-b,,1/21/26,b-2
CI,0.900114075,1-21-b,,1/21/26,b-3
CI,0.917925524,1-21-b,,1/21/26,b-4
CI,0.48839969,1-15-a,,1/15/26,a-1
CI,0.21361703,1-15-a,,1/15/26,a-2
CI,0.044648026,1-15-a,,1/15/26,a-3
CI,0.433085186,1-15-a,,1/15/26,a-4
CI,0.11664084,1-15-a,,1/15/26,a-5
CI,0.117153359,1-15-a,,1/15/26,a-6
CI,0.310965057,1-15-a,,1/15/26,a-7
CI,0.458350141,1-15-a,,1/15/26,a-8
CI,0.274745935,1-15-b,,1/15/26,b-1
CI,0.661920965,1-15-b,,1/15/26,b-2
CI,0.507533908,1-15-b,,1/15/26,b-3
CI,0.662211666,1-15-b,,1/15/26,b-4
CI,0.858441493,1-15-b,,1/15/26,b-5
CI,0.45383449,1-15-b,,1/15/26,b-6
CI,0.430859605,1-15-b,,1/15/26,b-7
CI,0.385808174,1-15-b,,1/15/26,b-8
CI,0.312470243,1-15-b,,1/15/26,b-9
CI,0.770660044,1-09-a,,1/9/26,a-1
CI,0.949672569,1-09-a,,1/9/26,a-2
CI,0.487688057,1-09-a,,1/9/26,a-3
CI,0.972074655,1-09-a,,1/9/26,a-4
CI,0.953290956,1-09-a,,1/9/26,a-5
CI,0.965580725,1-09-a,,1/9/26,a-6
CI,0.87441223,1-09-a,,1/9/26,a-7
CI,0.735217335,1-09-a,,1/9/26,a-8
CI,0.715963877,1-09-a,,1/9/26,a-9
CI,0.900738573,1-09-a,,1/9/26,a-10
CI,0.4996175,1-12-f,,1/12/26,f-1
CI,0.60418104,1-12-f,,1/12/26,f-2
CI,0.28145935,1-12-f,,1/12/26,f-3
CI,0.38417931,1-12-f,,1/12/26,f-4
CI,0.5884015,1-12-i,,1/12/26,i-1
CI,0.027069419,1-12-i,,1/12/26,i-2
CI,0.108153893,1-12-i,,1/12/26,i-3
CI,0.804692726,1-12-i,,1/12/26,i-4
CI,0.023092369,1-20-b,,1/20/26,b-1
CI,0.005749807,1-20-b,,1/20/26,b-2
CI,0.219311986,1-20-b,,1/20/26,b-3
CI,0.546024033,1-20-b,,1/20/26,b-4
CI,0.621916409,1-20-b,,1/20/26,b-5
CI,0.076782021,1-20-b,,1/20/26,b-6
CI,0.356784475,1-20-b,,1/20/26,b-7
CI,0.023137692,1-20-b,,1/20/26,b-8
CI,0.165333171,1-20-b,,1/20/26,b-9
CI,0.18475732,1-20-b,,1/20/26,b-10
CI,0.31668044,1-12-d,,1/12/26,d-1
CI,0.45591051,1-12-d,,1/12/26,d-2
CI,0.48096717,1-12-d,,1/12/26,d-3
CI,0.4736536,1-12-d,,1/12/26,d-4
CI,0.46320677,1-20-f,,1/20/26,f-1
CI,0.809311288,1-20-f,,1/20/26,f-2
CI,0.859790419,1-20-f,,1/20/26,f-3
CI,0.450353723,1-20-f,,1/20/26,f-4
CI,0.542655002,1-20-f,,1/20/26,f-5
CI,0.179382334,1-20-f,,1/20/26,f-6
CI,0.248333584,1-20-f,,1/20/26,f-7
CI,0.496068243,1-20-f,,1/20/26,f-8
CI,0.729782107,1-20-f,,1/20/26,f-9
CI,0.033608027,1-20-f,,1/20/26,f-10
CI,0.885054258,1-20-f,,1/20/26,f-11
CI,0.418747127,1-20-f,,1/20/26,f-12
CI,0.607628557,1-20-f,,1/20/26,f-13
CI,0.143164661,1-20-f,,1/20/26,f-14
CI,0.140116114,1-20-f,,1/20/26,f-15
CI,0.754571386,1-20-f,,1/20/26,f-16
CI,0.64053428,1-20-f,,1/20/26,f-17
CI,0.025425616,1-20-f,,1/20/26,f-18
CI,0.227421265,1-13-b,,1/13/26,b-1
CI,0.162386316,1-13-b,,1/13/26,b-2
CI,0.894076718,1-13-b,,1/13/26,b-3
CI,0.407324006,1-14-c,,1/14/26,c-1
CI,0.746629513,1-14-c,,1/14/26,c-2
CI,0.9378081,1-15-c,,1/15/26,c-1
CI,0.91968694,1-15-c,,1/15/26,c-2
CI,0.72591757,1-15-c,,1/15/26,c-3
CI,0.91367273,1-15-c,,1/15/26,c-4
CI,0.74070412,1-15-c,,1/15/26,c-5
CI,0.86686689,1-15-c,,1/15/26,c-6
CI,0.91466359,1-15-c,,1/15/26,c-7
CI,0.9279828,1-15-c,,1/15/26,c-8
CI,0.97982058,1-15-c,,1/15/26,c-9
CI,0.80113129,1-15-c,,1/15/26,c-10
CI,0.33748424,1-15-c,,1/15/26,c-11
CI,0.7090159,1-15-c,,1/15/26,c-12
CI,0.11382423,1-19-c,,1/19/26,c-1
CI,0.19608644,1-19-c,,1/19/26,c-2
CI,0.41665104,1-19-c,,1/19/26,c-3
CI,0.34404047,1-19-c,,1/19/26,c-4
CI,0.14318438,1-19-f,,1/19/26,f-1
CI,0.24157023,1-19-f,,1/19/26,f-2
CI,0.10179581,1-19-f,,1/19/26,f-3
CI,0.43995553,1-19-f,,1/19/26,f-4
CI,0.09474831,1-19-f,,1/19/26,f-5
CI,0.8711215,1-19-f,,1/19/26,f-6
CI,0.56897788,1-19-f,,1/19/26,f-7
CI,0.218453,1-14-d,,1/14/26,d-1
CI,0.46590491,1-14-d,,1/14/26,d-2
CI,0.486219,1-14-d,,1/14/26,d-3
CI,0.0835322,1-14-d,,1/14/26,d-4
CI,0.86275555,1-14-d,,1/14/26,d-5
CI,0.35192157,1-14-d,,1/14/26,d-6
CI,0.59013752,1-14-d,,1/14/26,d-7
CI,0.05236437,1-14-d,,1/14/26,d-8
CI,0.56840159,1-14-d,,1/14/26,d-9
CI,0.34664292,1-19-d,,1/19/26,d-1
CI,0.67325404,1-19-d,,1/19/26,d-2
CI,0.92165209,1-19-d,,1/19/26,d-3
CI,0.7354626,1-19-d,,1/19/26,d-4
CI,0.39608459,1-19-d,,1/19/26,d-5
CI,0.23344287,1-19-d,,1/19/26,d-6
CI,0.55108029,1-19-d,,1/19/26,d-7
CI,0.41744227,1-19-d,,1/19/26,d-8
CI,0.46131851,1-19-d,,1/19/26,d-9
CI,0.40965494,1-19-d,,1/19/26,d-10
CI,0.13604629,1-19-d,,1/19/26,d-11
CI,0.92511787,1-19-d,,1/19/26,d-12
CI,0.66773405,1-19-d,,1/19/26,d-13
CI,0.56968223,1-19-d,,1/19/26,d-14
CI,0.90772223,1-19-d,,1/19/26,d-15
CI,0.58184846,1-19-d,,1/19/26,d-16
CI,0.16874885,1-19-d,,1/19/26,d-17
CI,0.25915365,1-19-e,,1/19/26,e-1
CI,0.23504334,1-19-e,,1/19/26,e-2
CI,0.15137086,1-19-e,,1/19/26,e-3
CI,0.48412722,1-19-e,,1/19/26,e-4
CI,0.512339,1-12-e,,1/12/26,e-1
CI,0.70802315,1-12-e,,1/12/26,e-2
CI,0.61625865,1-12-e,,1/12/26,e-3
CI,0.38704641,1-12-e,,1/12/26,e-4
CI,0.63140577,1-12-e,,1/12/26,e-5
CI,0.36714467,1-12-e,,1/12/26,e-6
CI,0.26806236,1-12-e,,1/12/26,e-7
CI,0.48724459,1-12-e,,1/12/26,e-8
CI,0.17558615,1-12-e,,1/12/26,e-9
CI,0.76742693,1-12-e,,1/12/26,e-10
CI,0.34645551,1-12-h,,1/12/26,h-1
CI,0.02961232,1-12-h,,1/12/26,h-2
CI,0.19869723,1-12-h,,1/12/26,h-3
CI,0.01484485,1-12-h,,1/12/26,h-4
CI,0.02851012,1-12-h,,1/12/26,h-5
CI,0.76168767,1-12-h,,1/12/26,h-6
CI,0.7315779,1-16-b,,1/16/26,b-1
CI,0.41319637,1-16-b,,1/16/26,b-2
CI,0.89120651,1-16-b,,1/16/26,b-3
CI,0.52516374,1-16-b,,1/16/26,b-4
CI,0.71031635,1-16-b,,1/16/26,b-5
CI,0.72460908,1-16-b,,1/16/26,b-6
CI,0.9411429,1-16-b,,1/16/26,b-7
CI,0.38347393,1-16-b,,1/16/26,b-8
CI,0.90223385,1-16-c,,1/16/26,c-1
CI,0.83106975,1-16-c,,1/16/26,c-2
CI,0.96637661,1-16-c,,1/16/26,c-3
CI,0.98229767,1-16-c,,1/16/26,c-4
CI,0.21807009,1-16-c,,1/16/26,c-5
CI,0.28062179,1-16-c,,1/16/26,c-6
CI,0.65785155,1-16-c,,1/16/26,c-7
CI,0.70783558,1-16-c,,1/16/26,c-8
CI,0.59959935,1-16-c,,1/16/26,c-9
CI,0.45350566,1-16-c,,1/16/26,c-10
CI,0.51015826,1-16-c,,1/16/26,c-11
CI,0.2479805,1-16-c,,1/16/26,c-12
CI,0.51700788,1-16-c,,1/16/26,c-13
CI,0.86041135,1-16-c,,1/16/26,c-14
CI,0.9214448,1-16-c,,1/16/26,c-15
CI,0.44075358,1-16-c,,1/16/26,c-16
CI,0.6159492,1-16-f,,1/16/26,f-1
CI,0.84020999,1-16-f,,1/16/26,f-2
CI,0.8230261,1-16-f,,1/16/26,f-3
CI,0.79822725,1-16-f,,1/16/26,f-4
CI,0.80247827,1-16-f,,1/16/26,f-5
CI,0.22612639,1-14-a,,1/14/26,a-1
CI,0.21872504,1-14-a,,1/14/26,a-2
CI,0.02359762,1-14-a,,1/14/26,a-3
CI,0.00371603,1-14-a,,1/14/26,a-4
CI,0.71153923,1-14-a,,1/14/26,a-5
CI,0.22402078,1-14-a,,1/14/26,a-6
CI,0.25158093,1-14-a,,1/14/26,a-7
CI,0.03544175,1-14-a,,1/14/26,a-8
CI,0.05340181,1-14-a,,1/14/26,a-9
CI,0.27737573,1-14-a,,1/14/26,a-10
CI,0.02434695,1-14-a,,1/14/26,a-11
CI,0.51118468,1-14-a,,1/14/26,a-12
CI,0.43690216,1-14-a,,1/14/26,a-13
CI,0.32623624,1-15-e,,1/15/26,e-1
CI,0.44262033,1-15-e,,1/15/26,e-2
CI,0.25852379,1-15-e,,1/15/26,e-3
CI,0.00365408,1-13-c,,1/13/26,c-1
CI,0.134445841,1-13-c,,1/13/26,c-2
CI,0.046871461,1-13-c,,1/13/26,c-3
CI,0.416721282,1-13-c,,1/13/26,c-4
CI,0.01952876,1-13-c,,1/13/26,c-5
CI,0.02599678,1-19-b,,1/19/26,b-1
CI,0.4732738,1-19-b,,1/19/26,b-2
CI,0.27827823,1-19-b,,1/19/26,b-3
CI,0.22969591,1-19-b,,1/19/26,b-4
CI,0.87394389,1-17-a,,1/17/26,a-1
CI,0.30487118,1-17-a,,1/17/26,a-2
CI,0.62500873,1-17-a,,1/17/26,a-3
CI,0.22333247,1-17-a,,1/17/26,a-4
CI,0.88409182,1-17-b,,1/17/26,b-1
CI,0.493747,1-17-b,,1/17/26,b-2
CI,0.76728212,1-17-b,,1/17/26,b-3
CI,0.74174894,1-17-b,,1/17/26,b-4
CI,0.91188422,1-17-b,,1/17/26,b-5
CI,0.93320271,1-17-b,,1/17/26,b-6
CI,0.52788167,1-20-e,,1/20/26,e-1
CI,0.7515549,1-20-e,,1/20/26,e-2
CI,0.02715748,1-20-e,,1/20/26,e-3
CI,0.82511983,1-20-e,,1/20/26,e-4
CI,0.21442277,1-20-e,,1/20/26,e-5
CI,0.64881278,1-20-e,,1/20/26,e-6
CI,0.38472602,1-20-e,,1/20/26,e-7
CI,0.06449192,1-20-e,,1/20/26,e-8
CI,0.16595685,1-20-e,,1/20/26,e-9
CI,0.7697836,1-20-e,,1/20/26,e-10
CI,0.44100737,1-20-e,,1/20/26,e-11
CI,0.86236546,1-20-e,,1/20/26,e-12
CI,0.10136219,1-20-e,,1/20/26,e-13
CI,0.62449819,1-20-e,,1/20/26,e-14
CI,0.18270935,1-20-e,,1/20/26,e-15
CI,0.94068102,1-20-e,,1/20/26,e-16
CI,0.07363545,1-20-e,,1/20/26,e-17
CI,0.51497776,1-10-b,,1/10/26,b-1
CI,0.66674979,1-10-b,,1/10/26,b-2
CI,0.91162409,1-10-b,,1/10/26,b-3
CI,0.22351719,1-10-b,,1/10/26,b-4
CI,0.47261135,1-10-b,,1/10/26,b-5
CI,0.91542559,1-10-b,,1/10/26,b-6
CI,0.53645807,1-10-b,,1/10/26,b-7
CI,0.45413654,1-10-b,,1/10/26,b-8
CI,0.52951411,1-10-b,,1/10/26,b-9
CI,0.77153126,1-10-b,,1/10/26,b-10
CI,0.95700422,1-10-b,,1/10/26,b-11
CI,0.50048266,1-10-b,,1/10/26,b-12
CI,0.60096048,1-10-b,,1/10/26,b-13
CI,0.40798608,1-12-b,,1/12/26,b-1
CI,0.71087332,1-12-b,,1/12/26,b-2
CI,0.49888659,1-12-c,,1/12/26,c-1
CI,0.86727072,1-12-g,,1/12/26,g-1
CI,0.01456162,1-12-g,,1/12/26,g-2
CI,0.54197743,1-12-g,,1/12/26,g-3
CI,0.43286789,1-12-g,,1/12/26,g-4
CI,0.69033618,1-12-g,,1/12/26,g-5
CI,0.82446635,1-12-g,,1/12/26,g-6
CI,0.004082931,1-13-a,,1/13/26,a-1
CI,0.00314925,1-13-a,,1/13/26,a-2
CI,0.010858293,1-13-a,,1/13/26,a-3
CI,0.014917024,1-13-a,,1/13/26,a-4
CI,0.019061307,1-13-a,,1/13/26,a-5
CI,0.467269324,1-15-d,,1/15/26,d-1
CI,0.187034687,1-15-d,,1/15/26,d-2
CI,0.339868613,1-15-d,,1/15/26,d-3
CI,0.428101405,1-15-d,,1/15/26,d-4
CI,0.605528688,1-15-d,,1/15/26,d-5
CI,0.674423977,1-15-f,,1/15/26,f-1
CI,0.317185269,1-15-f,,1/15/26,f-2
CI,0.889236515,1-15-f,,1/15/26,f-3
CI,0.25266181,1-15-f,,1/15/26,f-4
CI,0.45301532,1-16-a,,1/16/26,a-1
CI,0.49826832,1-16-a,,1/16/26,a-2
CI,0.47032009,1-16-a,,1/16/26,a-3
CI,0.57528586,1-16-a,,1/16/26,a-4
CI,0.6354034,1-16-a,,1/16/26,a-5
CI,0.86808804,1-16-a,,1/16/26,a-6
CI,0.74777116,1-16-a,,1/16/26,a-7
CI,0.40602011,1-16-a,,1/16/26,a-8
CI,0.44583019,1-16-a,,1/16/26,a-9
CI,0.18830945,1-16-a,,1/16/26,a-10
CI,0.48291958,1-16-a,,1/16/26,a-11
CI,0.40020816,1-16-a,,1/16/26,a-12
CI,0.11954826,1-16-a,,1/16/26,a-13
CI,0.71112193,1-16-a,,1/16/26,a-14
CI,0.17439701,1-16-a,,1/16/26,a-15
CI,0.550708412,1-16-d,,1/16/26,d-1
CI,0.639057736,1-16-d,,1/16/26,d-2
CI,0.565295898,1-16-d,,1/16/26,d-3
CI,0.438213685,1-16-d,,1/16/26,d-4
IU,0.531540571,9/12/25,3,UxI,UxI_F1f-1
IU,0.325574641,9/12/25,,UxI,UxI_F1f-2
IU,0.464349493,9/12/25,,UxI,UxI_F1f-3
IU,0.31540078,9/12/25,,UxI,UxI_F1f-4
IU,0.799582694,9/12/25,,UxI,UxI_F1f-5
IU,0.846083633,9/12/25,,UxI,UxI_F1f-6
IU,0.863835197,9/12/25,,UxI,UxI_F1f-7
IU,0.708980094,9/12/25,,UxI,UxI_F1f-8
IU,0.919305639,9/12/25,,UxI,UxI_F1f-9
IU,0.950445401,9/12/25,,UxI,UxI_F1f-10
IU,0.060849422,9/12/25,,UxI,UxI_F1f-11
IU,0.560238545,9/12/25,,UxI,UxI_F1f-12
IU,0.218736846,9/12/25,,UxI,UxI_F1f-13
IU,0.802459353,9/12/25,,UxI,UxI_F1f-14
IU,0.855535216,9/12/25,,UxI,UxI_F1f-15
IU,0.882515273,9/12/25,,UxI,UxI_F1f-16
IU,0.461551557,9/12/25,,UxI,UxI_F1f-17
IU,0.872301599,9/12/25,,UxI,UxI_F1f-18
IU,0.951163024,9/12/25,,UxI,UxI_F1f-19
IU,0.843565709,9/12/25,,UxI,UxI_F1f-20
IU,0.777311009,9/15/25,5,UxI,UxI_F1f-21
IU,0.664998452,9/15/25,,UxI,UxI_F1f-22
IU,0.795445193,9/15/25,,UxI,UxI_F1f-23
IU,0.79069511,9/15/25,,UxI,UxI_F1f-24
IU,0.24989957,9/15/25,,UxI,UxI_F1f-25
IU,0.122833582,9/15/25,,UxI,UxI_F1f-26
IU,0.177154597,9/15/25,,UxI,UxI_F1f-27
IU,0.469423319,9/15/25,,UxI,UxI_F1f-28
IU,0.455209124,9/15/25,,UxI,UxI_F1f-29
IU,0.231821771,9/15/25,,UxI,UxI_F1f-30
IU,0.253363568,9/15/25,,UxI,UxI_F1f-31
IU,0.648901192,9/15/25,,UxI,UxI_F1f-32
IU,0.072110817,9/15/25,,UxI,UxI_F1f-33
IU,0.206446577,9/15/25,,UxI,UxI_F1f-34
IU,0.565564526,9/15/25,,UxI,UxI_F1f-35
IU,0.669092069,9/15/25,,UxI,UxI_F1f-36
IU,0.908380282,9/15/25,,UxI,UxI_F1f-37
IU,0.36919531,9/15/25,,UxI,UxI_F1f-38
IU,0.389291924,9/15/25,,UxI,UxI_F1f-39
IU,0.449386442,9/15/25,,UxI,UxI_F1f-40
IU,0.163284415,9/15/25,,UxI,UxI_F1f-41
IU,0.725201709,9/15/25,,UxI,UxI_F1f-42
IU,0.067053843,9/15/25,,UxI,UxI_F1f-43
IU,0.287142226,9/15/25,,UxI,UxI_F1f-44
IU,0.4946666,9/15/25,,UxI,UxI_F1f-45
IU,0.930185174,9/15/25,,UxI,UxI_F1f-46
IU,0.254008636,9/15/25,,UxI,UxI_F1f-47
IU,0.699561579,9/15/25,,UxI,UxI_F1f-48
IU,0.74032512,9/15/25,,UxI,UxI_F1f-49
IU,0.96258987,9/15/25,,UxI,UxI_F1f-50
IU,0.791517486,9/15/25,,UxI,UxI_F1f-51
IU,0.653147356,9/15/25,,UxI,UxI_F1f-52
IU,0.164358142,9/15/25,,UxI,UxI_F1f-53
IU,0.991261436,9/15/25,,UxI,UxI_F1f-54
IU,0.81851562,9/15/25,,UxI,UxI_F1f-55
IU,0.035314268,9/15/25,,UxI,UxI_F1f-56
IU,0.516996449,9/15/25,,UxI,UxI_F1f-57
IU,0.408502791,9/15/25,,UxI,UxI_F1f-58
IU,0.373771152,9/15/25,,UxI,UxI_F1f-59
IU,0.407364073,9/15/25,,UxI,UxI_F1f-60
IU,0.885644209,9/15/25,,UxI,UxI_F1f-61
IU,0.486717144,9/15/25,,UxI,UxI_F1f-62
IU,0.320465943,9/15/25,,UxI,UxI_F1f-63
IU,0.580581142,9/15/25,,UxI,UxI_F1f-64
IU,0.136519325,9/15/25,,UxI,UxI_F1f-65
IU,0.2673443,9/16/25,3,UxI,UxI_F1f-66
IU,0.598588306,9/16/25,,UxI,UxI_F1f-67
IU,0.535702146,9/16/25,,UxI,UxI_F1f-68
IU,0.890458688,9/16/25,,UxI,UxI_F1f-69
IU,0.900568068,9/16/25,,UxI,UxI_F1f-70
IU,0.661344639,9/16/25,,UxI,UxI_F1f-71
IU,0.174410365,9/16/25,,UxI,UxI_F1f-72
IU,0.192238122,9/16/25,,UxI,UxI_F1f-73
IU,0.031987527,9/16/25,,UxI,UxI_F1f-74
IU,0.596551898,9/16/25,,UxI,UxI_F1f-75
IU,0.348519271,9/16/25,,UxI,UxI_F1f-76
IU,0.542318584,9/16/25,,UxI,UxI_F1f-77
IU,0.743503064,9/16/25,,UxI,UxI_F1f-78
IU,0.33872194,9/16/25,,UxI,UxI_F1f-79
IU,0.436423628,9/16/25,,UxI,UxI_F1f-80
IU,0.6339843,9/16/25,,UxI,UxI_F1f-81
IU,0.865564926,9/16/25,,UxI,UxI_F1f-82
IU,0.052800858,9/16/25,,UxI,UxI_F1f-83
IU,0.440558736,9/16/25,,UxI,UxI_F1f-84
IU,0.944950905,9/16/25,,UxI,UxI_F1f-85
IU,0.927827187,9/16/25,,UxI,UxI_F1f-86
IU,0.867089752,9/16/25,,UxI,UxI_F1f-87
IU,0.840048485,9/22/25,5,UxI,UxI_F1f-88
IU,0.171676237,9/22/25,,UxI,UxI_F1f-89
IU,0.007449265,9/22/25,,UxI,UxI_F1f-90
IU,0.811564816,9/22/25,,UxI,UxI_F1f-91
IU,0.388822675,9/22/25,,UxI,UxI_F1f-92
IU,0.791928485,9/22/25,,UxI,UxI_F1f-93
IU,0.841359887,9/22/25,,UxI,UxI_F1f-94
IU,0.097628335,9/22/25,,UxI,UxI_F1f-95
IU,0.002547285,9/22/25,,UxI,UxI_F1f-96
IU,0.48651719,9/22/25,,UxI,UxI_F1f-97
IU,0.093981003,9/22/25,,UxI,UxI_F1f-98
IU,0.797516657,9/22/25,,UxI,UxI_F1f-99
IU,0.341867547,9/22/25,,UxI,UxI_F1f-100
IU,0.461446401,9/22/25,,UxI,UxI_F1f-101
IU,0.167396836,9/22/25,,UxI,UxI_F1f-102
IU,0.291698751,9/22/25,,UxI,UxI_F1f-103
IU,0.865185393,9/22/25,,UxI,UxI_F1f-104
IU,0.864179895,9/22/25,,UxI,UxI_F1f-105
IU,0.7844773,9/22/25,,UxI,UxI_F1f-106
IU,0.126983335,9/22/25,,UxI,UxI_F1f-107
IU,0.873166964,9/22/25,,UxI,UxI_F1f-108
IU,0.003907535,9/22/25,,UxI,UxI_F1f-109
IU,0.872038294,9/22/25,,UxI,UxI_F1f-110
IU,0.908581996,9/22/25,,UxI,UxI_F1f-111
IU,0.069438943,9/22/25,,UxI,UxI_F1f-112
IU,0.079547511,9/22/25,,UxI,UxI_F1f-113
IU,0.008590854,9/22/25,,UxI,UxI_F1f-114
IU,0.731838493,9/22/25,,UxI,UxI_F1f-115
IU,0.377639069,9/22/25,,UxI,UxI_F1f-116
IU,0.891240635,9/22/25,,UxI,UxI_F1f-117
IU,0.585690214,9/22/25,,UxI,UxI_F1f-118
IU,0.096797431,9/22/25,,UxI,UxI_F1f-119
IU,0.790155129,9/22/25,,UxI,UxI_F1f-120
IU,0.166663306,9/22/25,,UxI,UxI_F1f-121
IU,0.749046666,9/22/25,,UxI,UxI_F1f-122
IU,0.225993328,9/22/25,,UxI,UxI_F1f-123
IU,0.698680952,9/22/25,,UxI,UxI_F1f-124
IU,0.372022912,9/22/25,,UxI,UxI_F1f-125
IU,0.900879665,9/22/25,,UxI,UxI_F1f-126
IU,0.9018923,9/22/25,,UxI,UxI_F1f-127
IU,0.125902961,9/22/25,,UxI,UxI_F1f-128
IU,0.822980594,9/22/25,,UxI,UxI_F1f-129
IU,0.891201901,9/22/25,,UxI,UxI_F1f-130
IU,0.919845791,9/22/25,,UxI,UxI_F1f-131
IU,0.807072735,9/22/25,,UxI,UxI_F1f-132
IU,0.018172604,9/22/25,,UxI,UxI_F1f-133
IU,0.428145534,9/22/25,,UxI,UxI_F1f-134
IU,0.390830282,9/22/25,,UxI,UxI_F1f-135
IU,0.189977818,9/22/25,,UxI,UxI_F1f-136
IU,0.897098576,9/24/25,1,UxI,UxI_F1f-137
IU,0.865801212,9/24/25,,UxI,UxI_F1f-138
IU,0.813214218,9/24/25,,UxI,UxI_F1f-139
IU,0.491960806,9/24/25,,UxI,UxI_F1f-140
IU,0.670600068,9/24/25,,UxI,UxI_F1f-141
IU,0.990067119,9/24/25,,UxI,UxI_F1f-142
IU,0.955765331,9/24/25,,UxI,UxI_F1f-143
IU,0.876508746,9/24/25,,UxI,UxI_F1f-144
IU,0.516077781,9/30/25,5,UxI,UxI_F1f-145
IU,0.870794563,9/30/25,,UxI,UxI_F1f-146
IU,0.550057234,9/30/25,,UxI,UxI_F1f-147
IU,0.509995002,9/30/25,,UxI,UxI_F1f-148
IU,0.751641323,9/30/25,,UxI,UxI_F1f-149
IU,0.682722274,9/30/25,,UxI,UxI_F1f-150
IU,0.494638526,9/30/25,,UxI,UxI_F1f-151
IU,0.107803577,9/30/25,,UxI,UxI_F1f-152
IU,0.250715714,9/30/25,,UxI,UxI_F1f-153
IU,0.822889648,9/30/25,,UxI,UxI_F1f-154
IU,0.526210754,9/30/25,,UxI,UxI_F1f-155
IU,0.692672202,9/30/25,,UxI,UxI_F1f-156
IU,0.798329871,9/30/25,,UxI,UxI_F1f-157
IU,0.242801588,9/30/25,,UxI,UxI_F1f-158
IU,0.237070902,9/30/25,,UxI,UxI_F1f-159
IU,0.533788517,9/30/25,,UxI,UxI_F1f-160
IU,0.498688374,9/30/25,,UxI,UxI_F1f-161
IU,0.928866274,9/30/25,,UxI,UxI_F1f-162
IU,0.403724533,9/30/25,,UxI,UxI_F1f-163
IU,0.858699462,9/30/25,,UxI,UxI_F1f-164
IU,0.788155037,9/30/25,,UxI,UxI_F1f-165
IU,0.972460547,9/30/25,,UxI,UxI_F1f-166
IU,0.316341481,9/30/25,,UxI,UxI_F1f-167
IU,0.916941584,9/30/25,,UxI,UxI_F1f-168
IU,0.775662193,9/30/25,,UxI,UxI_F1f-169
IU,0.733192856,9/30/25,,UxI,UxI_F1f-170
IU,0.374236258,9/30/25,,UxI,UxI_F1f-171
IU,0.712220056,9/30/25,,UxI,UxI_F1f-172
IU,0.423420842,9/30/25,,UxI,UxI_F1f-173
IU,0.952862737,9/30/25,,UxI,UxI_F1f-174
IU,0.722441122,9/30/25,,UxI,UxI_F1f-175
IU,0.786460991,9/30/25,,UxI,UxI_F1f-176
IU,0.687164945,9/30/25,,UxI,UxI_F1f-177
IU,0.027372208,9/30/25,,UxI,UxI_F1f-178
IU,0.921549146,9/30/25,,UxI,UxI_F1f-179
IU,0.739375165,9/30/25,,UxI,UxI_F1f-180
IU,0.966880459,9/30/25,,UxI,UxI_F1f-181
IU,0.652670802,9/30/25,,UxI,UxI_F1f-182
IU,0.820078815,9/30/25,,UxI,UxI_F1f-183
IU,0.314522454,9/30/25,,UxI,UxI_F1f-184
IU,0.650582296,9/30/25,,UxI,UxI_F1f-185
IU,0.527450688,9/30/25,,UxI,UxI_F1f-186
IU,0.556477018,9/30/25,,UxI,UxI_F1f-187
IU,0.987319351,9/30/25,,UxI,UxI_F1f-188
IU,0.277992356,9/30/25,,UxI,UxI_F1f-189
IU,0.102457776,9/30/25,,UxI,UxI_F1f-190
IU,0.894107386,9/30/25,,UxI,UxI_F1f-191
IU,0.304295931,9/30/25,,UxI,UxI_F1f-192
IU,0.99099874,9/30/25,,UxI,UxI_F1f-193
IU,0.690809495,9/30/25,,UxI,UxI_F1f-194
IU,0.312353307,9/30/25,,UxI,UxI_F1f-195
IU,0.85106663,9/30/25,,UxI,UxI_F1f-196
IU,0.80838899,9/30/25,,UxI,UxI_F1f-197
IU,0.765176101,9/30/25,,UxI,UxI_F1f-198
IU,0.162123228,9/30/25,,UxI,UxI_F1f-199
IU,0.613822245,9/30/25,,UxI,UxI_F1f-200
IU,0.896144098,9/30/25,,UxI,UxI_F1f-201
IU,0.005122531,10/1/25,7,UxI,UxI_F1f-202
IU,0.122771434,10/1/25,,UxI,UxI_F1f-203
IU,0.075877781,10/1/25,,UxI,UxI_F1f-204
IU,0.224690635,10/1/25,,UxI,UxI_F1f-205
IU,0.474988499,10/1/25,,UxI,UxI_F1f-206
IU,0.318164119,10/1/25,,UxI,UxI_F1f-207
IU,0.303953357,10/1/25,,UxI,UxI_F1f-208
IU,0.132778922,10/1/25,,UxI,UxI_F1f-209
IU,0.386740497,10/1/25,,UxI,UxI_F1f-210
IU,0.069091607,10/1/25,,UxI,UxI_F1f-211
IU,0.836577982,10/1/25,,UxI,UxI_F1f-212
IU,0.36650923,10/1/25,,UxI,UxI_F1f-213
IU,0.778132801,10/1/25,,UxI,UxI_F1f-214
IU,0.364751336,10/1/25,,UxI,UxI_F1f-215
IU,0.398466118,10/1/25,,UxI,UxI_F1f-216
IU,0.413530634,10/1/25,,UxI,UxI_F1f-217
IU,0.359014885,10/1/25,,UxI,UxI_F1f-218
IU,0.519640684,10/1/25,,UxI,UxI_F1f-219
IU,0.356742921,10/1/25,,UxI,UxI_F1f-220
IU,0.012026402,10/1/25,,UxI,UxI_F1f-221
IU,0.04520355,10/1/25,,UxI,UxI_F1f-222
IU,0.708921646,10/1/25,,UxI,UxI_F1f-223
IU,0.058686016,10/1/25,,UxI,UxI_F1f-224
IU,0.424951969,10/1/25,,UxI,UxI_F1f-225
IU,0.628982651,10/1/25,,UxI,UxI_F1f-226
IU,0.391724386,10/1/25,,UxI,UxI_F1f-227
IU,0.315345359,10/1/25,,UxI,UxI_F1f-228
IU,0.36581341,10/1/25,,UxI,UxI_F1f-229
IU,0.028420439,10/1/25,,UxI,UxI_F1f-230
IU,0.568491701,10/1/25,,UxI,UxI_F1f-231
IU,0.664573448,10/1/25,,UxI,UxI_F1f-232
IU,0.481373783,10/1/25,,UxI,UxI_F1f-233
IU,0.923040332,10/1/25,,UxI,UxI_F1f-234
IU,0.11564868,10/1/25,,UxI,UxI_F1f-235
IU,0.056301473,10/1/25,,UxI,UxI_F1f-236
IU,0.706182683,10/1/25,,UxI,UxI_F1f-237
IU,0.31382968,10/1/25,,UxI,UxI_F1f-238
IU,0.645654212,10/1/25,,UxI,UxI_F1f-239
IU,0.348546891,10/1/25,,UxI,UxI_F1f-240
IU,0.347901391,10/1/25,,UxI,UxI_F1f-241
IU,0.151023402,10/1/25,,UxI,UxI_F1f-242
IU,0.342453972,10/1/25,,UxI,UxI_F1f-243
IU,0.760329007,10/1/25,,UxI,UxI_F1f-244
IU,0.340748341,10/1/25,,UxI,UxI_F1f-245
IU,0.416149006,10/1/25,,UxI,UxI_F1f-246
IU,0.465814837,10/1/25,,UxI,UxI_F1f-247
IU,0.072068819,10/1/25,,UxI,UxI_F1f-248
IU,0.31908281,10/1/25,,UxI,UxI_F1f-249
IU,0.85337041,10/1/25,,UxI,UxI_F1f-250
IU,0.562162594,10/1/25,,UxI,UxI_F1f-251
IU,0.462223338,10/1/25,,UxI,UxI_F1f-252
IU,0.510904212,10/1/25,,UxI,UxI_F1f-253
IU,0.623262065,10/1/25,,UxI,UxI_F1f-254
IU,0.604519774,10/1/25,,UxI,UxI_F1f-255
IU,0.670817531,10/1/25,,UxI,UxI_F1f-256
IU,0.737964973,10/1/25,,UxI,UxI_F1f-257
IU,0.941198939,10/1/25,,UxI,UxI_F1f-258
IU,0.387852658,10/1/25,,UxI,UxI_F1f-259
IU,0.756690533,10/1/25,,UxI,UxI_F1f-260
IU,0.470778475,10/1/25,,UxI,UxI_F1f-261
IU,0.750268635,10/1/25,,UxI,UxI_F1f-262
IU,0.520950475,10/1/25,,UxI,UxI_F1f-263
IU,0.50236704,10/1/25,,UxI,UxI_F1f-264
IU,0.633900096,10/1/25,,UxI,UxI_F1f-265
IU,0.809448771,10/1/25,,UxI,UxI_F1f-266
II,0.855241899,9/12/25,1,IxI,IxI_F1f-1
II,0.831014338,9/12/25,,IxI,IxI_F1f-2
II,0.588458277,9/12/25,,IxI,IxI_F1f-3
II,0.91777451,9/15/25,1,IxI,IxI_F1f-4
II,0.402605128,9/15/25,,IxI,IxI_F1f-5
II,0.106830887,9/15/25,,IxI,IxI_F1f-6
II,0.816843835,9/15/25,,IxI,IxI_F1f-7
II,0.332061566,9/15/25,,IxI,IxI_F1f-8
II,0.839198913,9/15/25,,IxI,IxI_F1f-9
II,0.984477051,9/15/25,,IxI,IxI_F1f-10
II,0.580306241,9/15/25,,IxI,IxI_F1f-11
II,0.155668857,9/15/25,,IxI,IxI_F1f-12
II,0.204336597,9/15/25,,IxI,IxI_F1f-13
II,0.450611401,9/16/25,1,IxI,IxI_F1f-14
II,0.665420881,9/16/25,,IxI,IxI_F1f-15
II,0.505583635,9/16/25,,IxI,IxI_F1f-16
II,0.431982049,9/22/25,5,IxI,IxI_F1f-17
II,0.971077194,9/22/25,,IxI,IxI_F1f-18
II,0.774983739,9/22/25,,IxI,IxI_F1f-19
II,0.828547094,9/22/25,,IxI,IxI_F1f-20
II,0.694767649,9/22/25,,IxI,IxI_F1f-21
II,0.95859478,9/22/25,,IxI,IxI_F1f-22
II,0.902967933,9/22/25,,IxI,IxI_F1f-23
II,0.212031298,9/22/25,,IxI,IxI_F1f-24
II,0.840222973,9/22/25,,IxI,IxI_F1f-25
II,0.679349454,9/22/25,,IxI,IxI_F1f-26
II,0.122761814,9/22/25,,IxI,IxI_F1f-27
II,0.953197159,9/22/25,,IxI,IxI_F1f-28
II,0.136026036,9/22/25,,IxI,IxI_F1f-29
II,0.687110766,9/22/25,,IxI,IxI_F1f-30
II,0.579070552,9/22/25,,IxI,IxI_F1f-31
II,0.827238626,9/22/25,,IxI,IxI_F1f-32
II,0.956870904,9/22/25,,IxI,IxI_F1f-33
II,0.764165803,9/22/25,,IxI,IxI_F1f-34
II,0.814885077,9/22/25,,IxI,IxI_F1f-35
II,0.696646281,9/22/25,,IxI,IxI_F1f-36
II,0.904179653,9/22/25,,IxI,IxI_F1f-37
II,0.43402168,9/22/25,,IxI,IxI_F1f-38
II,0.849404041,9/22/25,,IxI,IxI_F1f-39
II,0.898559875,9/22/25,,IxI,IxI_F1f-40
II,0.803678963,9/22/25,,IxI,IxI_F1f-41
II,0.307037486,9/22/25,,IxI,IxI_F1f-42
II,0.731827318,9/22/25,,IxI,IxI_F1f-43
II,0.323798981,9/22/25,,IxI,IxI_F1f-44
II,0.712474138,9/22/25,,IxI,IxI_F1f-45
II,0.668010086,9/22/25,,IxI,IxI_F1f-46
II,0.983794652,9/22/25,,IxI,IxI_F1f-47
II,0.547327566,9/22/25,,IxI,IxI_F1f-48
II,0.9047385,9/22/25,,IxI,IxI_F1f-49
II,0.513710684,9/22/25,,IxI,IxI_F1f-50
II,0.794409378,9/22/25,,IxI,IxI_F1f-51
II,0.143128357,9/22/25,,IxI,IxI_F1f-52
II,0.914164068,9/29/25,5,IxI,IxI_F1f-53
II,0.968266857,9/29/25,,IxI,IxI_F1f-54
II,0.916834682,9/29/25,,IxI,IxI_F1f-55
II,0.820269785,9/29/25,,IxI,IxI_F1f-56
II,0.978036687,9/29/25,,IxI,IxI_F1f-57
II,0.948687661,9/29/25,,IxI,IxI_F1f-58
II,0.893214325,9/29/25,,IxI,IxI_F1f-59
II,0.973201618,9/29/25,,IxI,IxI_F1f-60
II,0.830508475,9/29/25,,IxI,IxI_F1f-61
II,0.913548659,9/29/25,,IxI,IxI_F1f-62
II,0.647336804,9/29/25,,IxI,IxI_F1f-63
II,0.883768556,9/29/25,,IxI,IxI_F1f-64
II,0.002193444,9/29/25,,IxI,IxI_F1f-65
II,0.162755603,9/29/25,,IxI,IxI_F1f-66
II,0.407015473,9/29/25,,IxI,IxI_F1f-67
II,0.85152344,9/29/25,,IxI,IxI_F1f-68
II,0.037983183,9/29/25,,IxI,IxI_F1f-69
II,0.074762386,9/29/25,,IxI,IxI_F1f-70
II,0.826017446,9/29/25,,IxI,IxI_F1f-71
II,0.89271624,9/29/25,,IxI,IxI_F1f-72
II,0.614193587,9/29/25,,IxI,IxI_F1f-73
II,0.771341099,9/29/25,,IxI,IxI_F1f-74
II,0.91445407,9/29/25,,IxI,IxI_F1f-75
II,0.007273861,9/29/25,,IxI,IxI_F1f-76
II,0.054945168,9/29/25,,IxI,IxI_F1f-77
II,0.466263485,9/29/25,,IxI,IxI_F1f-78
II,0.677640686,9/29/25,,IxI,IxI_F1f-79
II,0.87219857,9/29/25,,IxI,IxI_F1f-80
II,0.960162879,9/29/25,,IxI,IxI_F1f-81
II,0.415618433,9/29/25,,IxI,IxI_F1f-82
II,0.901331308,9/29/25,,IxI,IxI_F1f-83
II,0.887566763,9/29/25,,IxI,IxI_F1f-84
II,0.623346063,9/29/25,,IxI,IxI_F1f-85
II,0.946238712,9/29/25,,IxI,IxI_F1f-86
II,0.190058781,9/29/25,,IxI,IxI_F1f-87
II,0.040916647,9/29/25,,IxI,IxI_F1f-88
II,0.141582665,9/24/25,3,IxI,IxI_F1f-89
II,0.33566398,9/24/25,,IxI,IxI_F1f-90
II,0.827969467,9/24/25,,IxI,IxI_F1f-91
II,0.82683039,9/24/25,,IxI,IxI_F1f-92
II,0.833838969,9/24/25,,IxI,IxI_F1f-93
II,0.073803575,9/24/25,,IxI,IxI_F1f-94
II,0.738773877,9/24/25,,IxI,IxI_F1f-95
II,0.938977168,9/24/25,,IxI,IxI_F1f-96
II,0.885217565,9/24/25,,IxI,IxI_F1f-97
II,0.773262423,9/24/25,,IxI,IxI_F1f-98
II,0.082521386,9/24/25,,IxI,IxI_F1f-99
II,0.95966341,9/30/25,6,IxI,IxI_F1f-100
II,0.366575956,9/30/25,,IxI,IxI_F1f-101
II,0.208829469,9/30/25,,IxI,IxI_F1f-102
II,0.099384904,9/30/25,,IxI,IxI_F1f-103
II,0.704262948,9/30/25,,IxI,IxI_F1f-104
II,0.918892037,9/30/25,,IxI,IxI_F1f-105
II,0.8331395,9/30/25,,IxI,IxI_F1f-106
II,0.847015629,9/30/25,,IxI,IxI_F1f-107
II,0.149362659,9/30/25,,IxI,IxI_F1f-108
II,0.674482224,9/30/25,,IxI,IxI_F1f-109
II,0.858964583,9/30/25,,IxI,IxI_F1f-110
II,0.403199698,9/30/25,,IxI,IxI_F1f-111
II,0.816091383,9/30/25,,IxI,IxI_F1f-112
II,0.859311721,9/30/25,,IxI,IxI_F1f-113
II,0.884755273,9/30/25,,IxI,IxI_F1f-114
II,0.470283944,9/30/25,,IxI,IxI_F1f-115
II,0.938271358,9/30/25,,IxI,IxI_F1f-116
II,0.347457201,9/30/25,,IxI,IxI_F1f-117
II,0.913543692,9/30/25,,IxI,IxI_F1f-118
II,0.85226923,9/30/25,,IxI,IxI_F1f-119
II,0.280640035,9/30/25,,IxI,IxI_F1f-120
II,0.937317112,9/30/25,,IxI,IxI_F1f-121
II,0.941542251,9/30/25,,IxI,IxI_F1f-122
II,0.092978754,9/30/25,,IxI,IxI_F1f-123
II,0.415512632,9/30/25,,IxI,IxI_F1f-124
II,0.897072635,9/30/25,,IxI,IxI_F1f-125
II,0.749417437,9/30/25,,IxI,IxI_F1f-126
II,0.568560119,9/30/25,,IxI,IxI_F1f-127
II,0.948151113,9/30/25,,IxI,IxI_F1f-128
II,0.988676596,9/30/25,,IxI,IxI_F1f-129
II,0.188778658,9/30/25,,IxI,IxI_F1f-130
II,0.856836987,9/30/25,,IxI,IxI_F1f-131
II,0.846342715,9/30/25,,IxI,IxI_F1f-132
II,0.791723474,9/30/25,,IxI,IxI_F1f-133
II,0.587149063,9/30/25,,IxI,IxI_F1f-134
II,0.778992089,9/30/25,,IxI,IxI_F1f-135
II,0.900739908,9/30/25,,IxI,IxI_F1f-136
II,0.852642002,9/30/25,,IxI,IxI_F1f-137
II,0.682831549,9/30/25,,IxI,IxI_F1f-138
II,0.209096145,9/30/25,,IxI,IxI_F1f-139
II,0.971571368,9/30/25,,IxI,IxI_F1f-140
II,0.968054192,9/30/25,,IxI,IxI_F1f-141
II,0.974159888,9/30/25,,IxI,IxI_F1f-142
II,0.417041469,9/30/25,,IxI,IxI_F1f-143
II,0.120360102,9/30/25,,IxI,IxI_F1f-144
II,0.431041045,9/30/25,,IxI,IxI_F1f-145
II,0.851031406,9/30/25,,IxI,IxI_F1f-146
II,0.958832111,9/30/25,,IxI,IxI_F1f-147
II,0.420128573,9/30/25,,IxI,IxI_F1f-148
II,0.754401452,10/1/25,4,IxI,IxI_F1f-149
II,0.971558475,10/1/25,,IxI,IxI_F1f-150
II,0.061090083,10/1/25,,IxI,IxI_F1f-151
II,0.894795719,10/1/25,,IxI,IxI_F1f-152
II,0.378477379,10/1/25,,IxI,IxI_F1f-153
II,0.848288852,10/1/25,,IxI,IxI_F1f-154
II,0.972049129,10/1/25,,IxI,IxI_F1f-155
II,0.47069366,10/1/25,,IxI,IxI_F1f-156
II,0.958755449,10/1/25,,IxI,IxI_F1f-157
II,0.962090051,10/1/25,,IxI,IxI_F1f-158
II,0.949072452,10/1/25,,IxI,IxI_F1f-159
II,0.900360144,10/1/25,,IxI,IxI_F1f-160
II,0.96907292,10/1/25,,IxI,IxI_F1f-161
II,0.488146952,10/1/25,,IxI,IxI_F1f-162
II,0.982753786,10/1/25,,IxI,IxI_F1f-163
II,0.217383683,10/1/25,,IxI,IxI_F1f-164
II,0.785916629,10/1/25,,IxI,IxI_F1f-165
II,0.883210875,10/1/25,,IxI,IxI_F1f-166
II,0.710438678,10/1/25,,IxI,IxI_F1f-167
II,0.923560314,10/1/25,,IxI,IxI_F1f-168
II,0.217944607,10/1/25,,IxI,IxI_F1f-169
II,0.404667178,10/1/25,,IxI,IxI_F1f-170
II,0.447439165,10/1/25,,IxI,IxI_F1f-171
II,0.756424715,10/1/25,,IxI,IxI_F1f-172
II,0.687534964,10/1/25,,IxI,IxI_F1f-173
II,0.903210767,10/1/25,,IxI,IxI_F1f-174