name,red,date,vials on date,Folder_ID,Photo_ID
U fathers,0,,,UBW_fathers,UBW_fathers-1
U fathers,0.003017783,,,UBW_fathers,UBW_fathers-2
U fathers,0.001678703,,,UBW_fathers,UBW_fathers-3
U fathers,0.000633312,,,UBW_fathers,UBW_fathers-4
U fathers,0.000212775,,,UBW_fathers,UBW_fathers-5
U fathers,0.011113868,,,UBW_fathers,UBW_fathers-6
U fathers,0.000212635,,,UBW_fathers,UBW_fathers-7
U fathers,0.000953546,,,UBW_fathers,UBW_fathers-8
U fathers,0.003184778,,,UBW_fathers,UBW_fathers-9
U fathers,0.00025717,,,UBW_fathers,UBW_fathers-10
U fathers,0.00043039,,,UBW_fathers,UBW_fathers-11
U fathers,0.000869547,,,UBW_fathers,UBW_fathers-12
U fathers,0.001978679,,,UBW_fathers,UBW_fathers-13
U fathers,0.000280359,,,UBW_fathers,UBW_fathers-14
U fathers,0.00693443,,,UBW_fathers,UBW_fathers-15
U fathers,0.000185523,,,UBW_fathers,UBW_fathers-16
U fathers,0.007492766,,,UBW_fathers,UBW_fathers-17
U fathers,2.0181E-05,,,UBW_fathers,UBW_fathers-18
U fathers,0.002679741,,,UBW_fathers,UBW_fathers-19
U fathers,0.000788369,,,UBW_fathers,UBW_fathers-20
U fathers,0.001251969,,,UBW_fathers,UBW_fathers-21
U fathers,0.000319209,,,UBW_fathers,UBW_fathers-22
U fathers,0.02733119,,,UBW_fathers,UBW_fathers-23
U fathers,0.000846015,,,UBW_fathers,UBW_fathers-24
U fathers,0.000640166,,,UBW_fathers,UBW_fathers-25
I fathers,0.006917419,8/11/25,,I fathers,I_F-1
I fathers,0.024602114,8/11/25,,I fathers,I_F-2
I fathers,0.016952447,8/11/25,,I fathers,I_F-3
I fathers,0.001806111,8/11/25,,I fathers,I_F-4
I fathers,0.000846885,8/11/25,,I fathers,I_F-5
I fathers,0.016256542,8/11/25,,I fathers,I_F-6
I fathers,7.37424E-05,8/11/25,,I fathers,I_F-7
I fathers,2.48263E-07,8/11/25,,I fathers,I_F-8
I fathers,0,8/11/25,,I fathers,I_F-9
I fathers,0.015302407,8/11/25,,I fathers,I_F-10
I fathers,0.000135127,8/12/25,,I fathers,I_F-11
I fathers,0.001607558,8/12/25,,I fathers,I_F-12
I fathers,0.007107547,8/12/25,,I fathers,I_F-13
I fathers,0.019237531,8/12/25,,I fathers,I_F-14
I fathers,0.049635967,8/12/25,,I fathers,I_F-15
I fathers,2.85421E-07,8/12/25,,I fathers,I_F-16
I fathers,5.78289E-06,8/12/25,,I fathers,I_F-17
I fathers,0.00136541,8/12/25,,I fathers,I_F-18
I fathers,0.092582036,8/14/25,,I fathers,I_F-19
I fathers,0.00821266,8/14/25,,I fathers,I_F-20
I fathers,0.016789602,8/14/25,,I fathers,I_F-21
I fathers,0.034449165,8/14/25,,I fathers,I_F-22
I fathers,0.037453261,8/14/25,,I fathers,I_F-23
I fathers,0.00043568,8/14/25,,I fathers,I_F-24
I fathers,0.000670958,8/14/25,,I fathers,I_F-25
I fathers,0.000122105,8/14/25,,I fathers,I_F-26
I fathers,0.011550335,8/15/25,,I fathers,I_F-27
I fathers,0.001009135,8/15/25,,I fathers,I_F-28
I fathers,0.019804994,8/15/25,,I fathers,I_F-29
I fathers,0.003655123,8/15/25,,I fathers,I_F-30
I fathers,0.016950552,8/18/25,,I fathers,I_F-31
I fathers,0.000772739,8/18/25,,I fathers,I_F-32
I fathers,0.011030967,8/18/25,,I fathers,I_F-33
I fathers,0.045328048,8/18/25,,I fathers,I_F-34
I fathers,0,8/18/25,,I fathers,I_F-35
I fathers,0.003399227,8/18/25,,I fathers,I_F-36
I fathers,0.037389531,8/18/25,,I fathers,I_F-37
I fathers,0.005646676,8/18/25,,I fathers,I_F-38
I fathers,0.009513392,8/18/25,,I fathers,I_F-39
I fathers,0.003080061,8/19/25,,I fathers,I_F-40
I fathers,0.003002699,8/19/25,,I fathers,I_F-41
I fathers,9.51193E-05,8/20/25,,I fathers,I_F-42
I fathers,0.005012346,8/20/25,,I fathers,I_F-43
I fathers,0.000481289,8/20/25,,I fathers,I_F-44
I fathers,0.05098733,8/20/25,,I fathers,I_F-45
I fathers,0.011512905,8/20/25,,I fathers,I_F-46
I fathers,0.000130588,8/20/25,,I fathers,I_F-47
I fathers,0.039136834,8/20/25,,I fathers,I_F-48
I fathers,0.066572465,8/20/25,,I fathers,I_F-49
I fathers,0.000819395,8/22/25,,I fathers,I_F-50
I fathers,0.014629618,8/22/25,,I fathers,I_F-51
I fathers,0.034027476,8/22/25,,I fathers,I_F-52
I fathers,0.001098924,8/22/25,,I fathers,I_F-53
I fathers,0.000190025,8/22/25,,I fathers,I_F-54
I fathers,0.03566151,8/22/25,,I fathers,I_F-55
I fathers,0.008827846,8/22/25,,I fathers,I_F-56
I fathers,0.007516664,8/22/25,,I fathers,I_F-57
I fathers,0.043720518,8/22/25,,I fathers,I_F-58
I fathers,0.007292616,8/22/25,,I fathers,I_F-59
I fathers,0.057130549,8/22/25,,I fathers,I_F-60
I fathers,0.001277192,8/25/25,,I fathers,I_F-61
I fathers,5.14668E-05,8/25/25,,I fathers,I_F-62
I fathers,0.028791565,8/25/25,,I fathers,I_F-63
I fathers,1.08671E-05,8/25/25,,I fathers,I_F-64
I fathers,0.006985977,8/25/25,,I fathers,I_F-65
I fathers,0.052263159,8/25/25,,I fathers,I_F-66
I fathers,0.010555234,8/25/25,,I fathers,I_F-67
I fathers,0.097014251,8/25/25,,I fathers,I_F-68
I fathers,0.002610767,8/25/25,,I fathers,I_F-69
I fathers,0.002521095,8/25/25,,I fathers,I_F-70
I fathers,0.010511305,8/25/25,,I fathers,I_F-71
I fathers,0.034938966,8/26/25,,I fathers,I_F-72
I fathers,0.008051366,8/26/25,,I fathers,I_F-73
I fathers,0.000114829,8/26/25,,I fathers,I_F-74
I fathers,0.016051512,8/26/25,,I fathers,I_F-75
I fathers,0.000975953,8/26/25,,I fathers,I_F-76
I fathers,0.015146286,8/26/25,,I fathers,I_F-77
I fathers,0.004913679,8/26/25,,I fathers,I_F-78
I fathers,0.022172455,8/26/25,,I fathers,I_F-79
I fathers,0.066492763,8/26/25,,I fathers,I_F-80
I fathers,0.00706447,8/26/25,,I fathers,I_F-81
I fathers,0.001400388,8/26/25,,I fathers,I_F-82
I fathers,0.066051373,8/26/25,,I fathers,I_F-83
I fathers,0.000151165,8/26/25,,I fathers,I_F-84
I fathers,0.002244612,8/26/25,,I fathers,I_F-85
I fathers,0.059813649,8/26/25,,I fathers,I_F-86
I fathers,0.001143898,8/27/25,,I fathers,I_F-87
I fathers,4.35446E-07,8/27/25,,I fathers,I_F-88
I fathers,0.002332546,8/27/25,,I fathers,I_F-89
I fathers,0.002087075,8/27/25,,I fathers,I_F-90
I fathers,0.007702237,8/27/25,,I fathers,I_F-91
I fathers,1.32824E-06,8/27/25,,I fathers,I_F-92
I fathers,0.00872498,8/27/25,,I fathers,I_F-93
I fathers,0.053459245,8/27/25,,I fathers,I_F-94
I fathers,0.000303747,8/27/25,,I fathers,I_F-95
I fathers,3.58239E-07,8/27/25,,I fathers,I_F-96
I fathers,0.090240467,9/1/25,,I fathers,I_F-97
I fathers,0.004108357,9/1/25,,I fathers,I_F-98
I fathers,0.001866703,9/1/25,,I fathers,I_F-99
I fathers,0.010177018,9/1/25,,I fathers,I_F-100
I fathers,0.000120214,9/1/25,,I fathers,I_F-101
I fathers,0.000133144,9/1/25,,I fathers,I_F-102
I fathers,0.001761715,9/1/25,,I fathers,I_F-103
I fathers,0.003542868,9/1/25,,I fathers,I_F-104
I fathers,0.002489898,9/1/25,,I fathers,I_F-105
I fathers,0.009026275,9/1/25,,I fathers,I_F-106
I fathers,0.001103853,9/1/25,,I fathers,I_F-107
I fathers,0.020088045,9/2/25,,I fathers,I_F-108
I fathers,0.001972511,9/2/25,,I fathers,I_F-109
I fathers,0.001765016,9/2/25,,I fathers,I_F-110
I fathers,0.005592432,9/2/25,,I fathers,I_F-111
I fathers,0.003720246,9/2/25,,I fathers,I_F-112
I fathers,0.001653713,9/2/25,,I fathers,I_F-113
I fathers,0.032262261,9/2/25,,I fathers,I_F-114
I fathers,0.047689748,9/2/25,,I fathers,I_F-115
I fathers,0.005245604,9/2/25,,I fathers,I_F-116
I fathers,0.011014737,9/2/25,,I fathers,I_F-117
I fathers,0,9/2/25,,I fathers,I_F-118
I fathers,0.001605417,9/2/25,,I fathers,I_F-119
U mothers,0.115226463,,,UBW_mothers,UBW_mothers-1
U mothers,0.003047953,,,UBW_mothers,UBW_mothers-2
U mothers,0.005086617,,,UBW_mothers,UBW_mothers-3
U mothers,0.000260403,,,UBW_mothers,UBW_mothers-4
U mothers,0.001413839,,,UBW_mothers,UBW_mothers-5
U mothers,0.000969612,,,UBW_mothers,UBW_mothers-6
U mothers,0.023559861,,,UBW_mothers,UBW_mothers-7
U mothers,0.016114343,,,UBW_mothers,UBW_mothers-8
U mothers,0.007322362,,,UBW_mothers,UBW_mothers-9
U mothers,0.000519079,,,UBW_mothers,UBW_mothers-10
U mothers,0.012151253,,,UBW_mothers,UBW_mothers-11
U mothers,0.001839753,,,UBW_mothers,UBW_mothers-12
U mothers,0.000143045,,,UBW_mothers,UBW_mothers-13
U mothers,0.139344759,,,UBW_mothers,UBW_mothers-14
U mothers,0.00137245,,,UBW_mothers,UBW_mothers-15
U mothers,0.001124884,,,UBW_mothers,UBW_mothers-16
U mothers,0.003344308,,,UBW_mothers,UBW_mothers-17
U mothers,0.017811993,,,UBW_mothers,UBW_mothers-18
U mothers,0.017724071,,,UBW_mothers,UBW_mothers-19
U mothers,0.007208733,,,UBW_mothers,UBW_mothers-20
U mothers,0.022077286,,,UBW_mothers,UBW_mothers-21
U mothers,0.168693426,,,UBW_mothers,UBW_mothers-22
U mothers,0.008718645,,,UBW_mothers,UBW_mothers-23
U mothers,0.002022662,,,UBW_mothers,UBW_mothers-24
U mothers,0.002178558,,,UBW_mothers,UBW_mothers-25
U mothers,0.001734925,,,UBW_mothers,UBW_mothers-26
U mothers,0.056869524,,,UBW_mothers,UBW_mothers-27
I mothers,0.044995257,,,IAW_mothers,IAW_mothers-1
I mothers,0.071558304,,,IAW_mothers,IAW_mothers-2
I mothers,0.001978478,,,IAW_mothers,IAW_mothers-3
I mothers,0.008631795,,,IAW_mothers,IAW_mothers-4
I mothers,0.003467827,,,IAW_mothers,IAW_mothers-5
I mothers,0.023251292,,,IAW_mothers,IAW_mothers-6
I mothers,0.01219348,,,IAW_mothers,IAW_mothers-7
I mothers,0.069693923,,,IAW_mothers,IAW_mothers-8
I mothers,0.138706683,,,IAW_mothers,IAW_mothers-9
I mothers,0.041789798,,,IAW_mothers,IAW_mothers-10
I mothers,0.019751303,,,IAW_mothers,IAW_mothers-11
I mothers,0.020065706,,,IAW_mothers,IAW_mothers-12
I mothers,0.04701339,,,IAW_mothers,IAW_mothers-13
I mothers,0.066270533,,,IAW_mothers,IAW_mothers-14
I mothers,0.100393361,,,IAW_mothers,IAW_mothers-15
I mothers,0.006482628,,,IAW_mothers,IAW_mothers-16
I mothers,0.148350046,,,IAW_mothers,IAW_mothers-17
UU,0.051284424,1/25/26,,UU-1/25/26,a-1
UU,0.043153207,1/25/26,,UU-1/25/26,b-1
UU,0.73969714,1/25/26,,UU-1/25/26,b-2
UU,0.511407896,1/25/26,,UU-1/25/26,b-3
UU,0.006634549,1/25/26,,UU-1/25/26,b-4
UU,0.105308558,1/26/26,,UU-1/26/26,a-1
UU,0.037297091,1/26/26,,UU-1/26/26,a-2
UU,0.004862319,1/26/26,,UU-1/26/26,a-3
UU,0.136961644,1/26/26,,UU-1/26/26,a-4
UU,0.028006203,1/26/26,,UU-1/26/26,a-5
UU,0.296850245,1/26/26,,UU-1/26/26,a-6
UU,0.051757951,1/26/26,,UU-1/26/26,b-1
UU,0.017788422,1/26/26,,UU-1/26/26,b-2
UU,0.126968791,1/26/26,,UU-1/26/26,c-1
UU,0.244525219,1/26/26,,UU-1/26/26,c-2
UU,0.000491909,1/26/26,,UU-1/26/26,c-3
UU,0.012025489,1/26/26,,UU-1/26/26,c-4
UU,0.020305757,1/26/26,,UU-1/26/26,c-5
UU,0.130744954,1/26/26,,UU-1/26/26,c-6
UU,0.039057763,1/26/26,,UU-1/26/26,d-1
UU,0.460210488,1/26/26,,UU-1/26/26,d-2
UU,0.029658525,1/26/26,,UU-1/26/26,d-3
UU,0.055387446,1/26/26,,UU-1/26/26,d-4
UU,0.846563188,1/26/26,,UU-1/26/26,e-1
UU,0.136560731,1/26/26,,UU-1/26/26,e-2
UU,0.924892325,1/26/26,,UU-1/26/26,e-3
UU,0.660288223,1/26/26,,UU-1/26/26,e-4
UU,0.541714058,1/26/26,,UU-1/26/26,e-5
UU,0.747169433,1/27/26,,UU-1/27/26,a-1
UU,0.01721475,1/27/26,,UU-1/27/26,a-2
UU,0.20546265,1/27/26,,UU-1/27/26,b-1
UU,0.634557508,1/27/26,,UU-1/27/26,b-2
UU,0.021503613,1/27/26,,UU-1/27/26,b-3
UU,0.017842534,1/27/26,,UU-1/27/26,b-4
UU,0.278642377,1/27/26,,UU-1/27/26,b-5
UU,0.012911403,1/27/26,,UU-1/27/26,b-6
UU,0.017736231,1/27/26,,UU-1/27/26,b-7
UU,0.003311292,1/27/26,,UU-1/27/26,c-1
UU,0.780853541,1/27/26,,UU-1/27/26,c-2
UU,0.047793779,1/30/26,,UU-1/30/26,a-1
UU,0.000188515,1/30/26,,UU-1/30/26,a-2
UU,0.00761102,1/30/26,,UU-1/30/26,a-3
UU,0.424122344,1/30/26,,UU-1/30/26,a-4
UU,0.0382658,1/30/26,,UU-1/30/26,a-5
UU,0.004444173,1/30/26,,UU-1/30/26,a-6
UU,0.228392866,1/30/26,,UU-1/30/26,b-1
UU,0.090352174,1/30/26,,UU-1/30/26,c-1
UU,0.485974412,1/30/26,,UU-1/30/26,c-2
UU,0.077762125,1/30/26,,UU-1/30/26,c-3
UU,0.039491621,1/30/26,,UU-1/30/26,c-4
UU,0.240670872,1/30/26,,UU-1/30/26,c-5
UU,0.936078533,1/30/26,,UU-1/30/26,c-6
UU,0.026706535,1/30/26,,UU-1/30/26,c-7
UU,0.020241918,1/30/26,,UU-1/30/26,c-8
UU,0.162664191,1/30/26,,UU-1/30/26,c-9
UU,0.03212942,1/30/26,,UU-1/30/26,c-10
UU,0.225388575,1/30/26,,UU-1/30/26,d-1
UU,0.255351667,1/30/26,,UU-1/30/26,d-2
UU,0.816991415,1/30/26,,UU-1/30/26,d-3
UU,0.116605788,1/30/26,,UU-1/30/26,d-4
UU,0.584755859,1/30/26,,UU-1/30/26,d-5
UU,0.090335017,1/30/26,,UU-1/30/26,d-6
UU,0.29054365,1/30/26,,UU-1/30/26,d-7
UU,0.435048543,1/30/26,,UU-1/30/26,d-8
UU,0.010860825,2/3/26,,UU-2/3/26,a-1
UU,0.0002912,2/3/26,,UU-2/3/26,a-2
UU,0.117906658,2/3/26,,UU-2/3/26,a-3
UU,0.009688458,2/3/26,,UU-2/3/26,a-4
UU,0.007448276,2/3/26,,UU-2/3/26,b-1
UU,0.228067869,2/3/26,,UU-2/3/26,b-2
UU,0.011949803,2/3/26,,UU-2/3/26,b-3
UU,0.209365943,2/3/26,,UU-2/3/26,b-4
UU,0.005919632,2/3/26,,UU-2/3/26,b-5
UU,0.339254514,2/3/26,,UU-2/3/26,b-6
UU,0.024843771,2/3/26,,UU-2/3/26,b-7
UU,0.010385284,2/3/26,,UU-2/3/26,b-8
UU,0.036977917,2/3/26,,UU-2/3/26,b-9
UU,0.206877421,2/3/26,,UU-2/3/26,b-10
UU,0.098762542,2/3/26,,UU-2/3/26,b-11
UU,0.008120733,2/3/26,,UU-2/3/26,b-12
UU,0.223074737,2/3/26,,UU-2/3/26,b-13
UU,0.062578875,2/3/26,,UU-2/3/26,b-14
UU,0.006905132,2/3/26,,UU-2/3/26,b-15
CI,0.567007701,8/11/25,1,CI,CI_F1F-1
CI,0.497194817,8/11/25,,CI,CI_F1F-2
CI,0.072011337,8/11/25,,CI,CI_F1F-3
CI,0.477218661,8/11/25,,CI,CI_F1F-4
CI,0.440808776,8/11/25,,CI,CI_F1F-5
CI,0.55801754,8/11/25,,CI,CI_F1F-6
CI,0.151163843,8/11/25,,CI,CI_F1F-7
CI,0.841678147,8/11/25,,CI,CI_F1F-8
CI,0.473413017,8/11/25,,CI,CI_F1F-9
CI,0.037522466,8/11/25,,CI,CI_F1F-10
CI,0.122083237,8/11/25,,CI,CI_F1F-11
CI,0.70597437,8/11/25,,CI,CI_F1F-12
CI,0.115039954,8/11/25,,CI,CI_F1F-13
CI,0.308564036,8/11/25,,CI,CI_F1F-14
CI,0.47528578,8/11/25,,CI,CI_F1F-15
CI,0.525356253,8/11/25,,CI,CI_F1F-16
CI,0.048666397,8/11/25,,CI,CI_F1F-17
CI,0.047033946,8/11/25,,CI,CI_F1F-18
CI,0.391075717,8/11/25,,CI,CI_F1F-19
CI,0.187407737,8/11/25,,CI,CI_F1F-20
CI,0.224958783,8/12/25,4,CI,CI_F1F-21
CI,0.891582539,8/12/25,,CI,CI_F1F-22
CI,0.497230844,8/12/25,,CI,CI_F1F-23
CI,0.858255955,8/12/25,,CI,CI_F1F-24
CI,0.895489662,8/12/25,,CI,CI_F1F-25
CI,0.063987648,8/12/25,,CI,CI_F1F-26
CI,0.005227413,8/12/25,,CI,CI_F1F-27
CI,0.057943693,8/12/25,,CI,CI_F1F-28
CI,0.486357519,8/12/25,,CI,CI_F1F-29
CI,0.014721066,8/12/25,,CI,CI_F1F-30
CI,0.466274246,8/12/25,,CI,CI_F1F-31
CI,0.928141732,8/12/25,,CI,CI_F1F-32
CI,0.402397534,8/12/25,,CI,CI_F1F-33
CI,0.904213432,8/12/25,,CI,CI_F1F-34
CI,0.705736338,8/12/25,,CI,CI_F1F-35
CI,0.08120817,8/12/25,,CI,CI_F1F-36
CI,0.692636789,8/12/25,,CI,CI_F1F-37
CI,0.761738935,8/12/25,,CI,CI_F1F-38
CI,0.080254376,8/12/25,,CI,CI_F1F-39
CI,0.908076241,8/14/25,2,CI,CI_F1F-40
CI,0.571168212,8/14/25,,CI,CI_F1F-41
CI,0.839598261,8/14/25,,CI,CI_F1F-42
CI,0.431152413,8/14/25,,CI,CI_F1F-43
CI,0.356392506,8/14/25,,CI,CI_F1F-44
CI,0.892411548,8/14/25,,CI,CI_F1F-45
CI,0.766160289,8/14/25,,CI,CI_F1F-46
CI,0.904219035,8/14/25,,CI,CI_F1F-47
CI,0.61086696,8/14/25,,CI,CI_F1F-48
CI,0.282124368,8/18/25,1,CI,CI_F1F-49
CI,0.931573914,8/20/25,4,CI,CI_F1F-50
CI,0.030172593,8/20/25,,CI,CI_F1F-51
CI,0.183756085,8/20/25,,CI,CI_F1F-52
CI,0.989596175,8/20/25,,CI,CI_F1F-53
CI,0.868800432,8/20/25,,CI,CI_F1F-54
CI,0.947150791,8/20/25,,CI,CI_F1F-55
CI,0.192832991,8/20/25,,CI,CI_F1F-56
CI,0.885344227,8/20/25,,CI,CI_F1F-57
CI,0.259841188,8/20/25,,CI,CI_F1F-58
CI,0.896728621,8/20/25,,CI,CI_F1F-59
CI,0.019463727,8/20/25,,CI,CI_F1F-60
CI,0.951972384,8/20/25,,CI,CI_F1F-61
CI,0.751415921,8/20/25,,CI,CI_F1F-62
CI,0.14533642,8/20/25,,CI,CI_F1F-63
CI,0.417707424,8/20/25,,CI,CI_F1F-64
CI,0.884781995,8/20/25,,CI,CI_F1F-65
CI,0.722481162,8/20/25,,CI,CI_F1F-66
CI,0.970600692,8/20/25,,CI,CI_F1F-67
CI,0.244207529,8/20/25,,CI,CI_F1F-68
CI,0.937565714,8/20/25,,CI,CI_F1F-69
CI,0.279787277,8/20/25,,CI,CI_F1F-70
CI,0.512434092,8/20/25,,CI,CI_F1F-71
CI,0.72948801,8/20/25,,CI,CI_F1F-72
CI,0.489186069,8/20/25,,CI,CI_F1F-73
CI,0.302265535,8/20/25,,CI,CI_F1F-74
CI,0.506389138,8/20/25,,CI,CI_F1F-75
CI,0.591754962,8/20/25,,CI,CI_F1F-76
CI,0.927388863,8/20/25,,CI,CI_F1F-77
CI,0.66984985,8/20/25,,CI,CI_F1F-78
CI,0.5952121,8/20/25,,CI,CI_F1F-79
CI,0.217675119,8/20/25,,CI,CI_F1F-80
CI,0.807929897,8/20/25,,CI,CI_F1F-81
CI,0.879714448,8/20/25,,CI,CI_F1F-82
CI,0.664751456,8/20/25,,CI,CI_F1F-83
CI,0.455502632,8/20/25,,CI,CI_F1F-84
CI,0.91273153,8/20/25,,CI,CI_F1F-85
CI,0.772225619,8/20/25,,CI,CI_F1F-86
CI,0.774608272,8/20/25,,CI,CI_F1F-87
CI,0.966027416,8/20/25,,CI,CI_F1F-88
CI,0.287846766,8/20/25,,CI,CI_F1F-89
CI,0.514468887,8/20/25,,CI,CI_F1F-90
CI,0.779848427,8/20/25,,CI,CI_F1F-91
CI,0.844308166,8/20/25,,CI,CI_F1F-92
CI,0.922246765,8/20/25,,CI,CI_F1F-93
CI,0.304076364,8/20/25,,CI,CI_F1F-94
CI,0.599028352,8/20/25,,CI,CI_F1F-95
CI,0.844040162,8/20/25,,CI,CI_F1F-96
CI,0.909761703,8/20/25,,CI,CI_F1F-97
CI,0.858901033,8/20/25,,CI,CI_F1F-98
CI,0.505390741,8/20/25,,CI,CI_F1F-99
CI,0.57661,8/20/25,,CI,CI_F1F-100
CI,0.967366057,8/22/25,5,CI,CI_F1F-101
CI,0.121996905,8/22/25,,CI,CI_F1F-102
CI,0.518608487,8/22/25,,CI,CI_F1F-103
CI,0.584009828,8/22/25,,CI,CI_F1F-104
CI,0.916091792,8/22/25,,CI,CI_F1F-105
CI,0.939930743,8/22/25,,CI,CI_F1F-106
CI,0.174478072,8/22/25,,CI,CI_F1F-107
CI,0.176547781,8/22/25,,CI,CI_F1F-108
CI,0.932842545,8/22/25,,CI,CI_F1F-109
CI,0.351838217,8/22/25,,CI,CI_F1F-110
CI,0.909012492,8/22/25,,CI,CI_F1F-111
CI,0.696400895,8/22/25,,CI,CI_F1F-112
CI,0.717667093,8/22/25,,CI,CI_F1F-113
CI,0.470630551,8/22/25,,CI,CI_F1F-114
CI,0.662996326,8/22/25,,CI,CI_F1F-115
CI,0.946868575,8/22/25,,CI,CI_F1F-116
CI,0.636480494,8/22/25,,CI,CI_F1F-117
CI,0.923302779,8/22/25,,CI,CI_F1F-118
CI,0.746654683,8/22/25,,CI,CI_F1F-119
CI,0.885677378,8/22/25,,CI,CI_F1F-120
CI,0.066503766,8/22/25,,CI,CI_F1F-121
CI,0.567738134,8/22/25,,CI,CI_F1F-122
CI,0.934618508,8/22/25,,CI,CI_F1F-123
CI,0.558538569,8/22/25,,CI,CI_F1F-124
CI,0.526949454,8/22/25,,CI,CI_F1F-125
CI,0.873583781,8/22/25,,CI,CI_F1F-126
CI,0.932176973,8/25/25,2,CI,CI_F1F-127
CI,0.906878565,8/25/25,,CI,CI_F1F-128
CI,0.938093306,8/25/25,,CI,CI_F1F-129
CI,0.892642586,8/25/25,,CI,CI_F1F-130
CI,0.847450969,8/25/25,,CI,CI_F1F-131
CI,0.733192266,8/26/25,10,CI,CI_F1F-132
CI,0.755924695,8/26/25,,CI,CI_F1F-133
CI,0.676404204,8/26/25,,CI,CI_F1F-134
CI,0.919340937,8/26/25,,CI,CI_F1F-135
CI,0.477850846,8/26/25,,CI,CI_F1F-136
CI,0.898751066,8/26/25,,CI,CI_F1F-137
CI,0.442954949,8/26/25,,CI,CI_F1F-138
CI,0.302398919,8/26/25,,CI,CI_F1F-139
CI,0.579677784,8/26/25,,CI,CI_F1F-140
CI,0.534110182,8/26/25,,CI,CI_F1F-141
CI,0.823721415,8/26/25,,CI,CI_F1F-142
CI,0.596770428,8/26/25,,CI,CI_F1F-143
CI,0.622209295,8/26/25,,CI,CI_F1F-144
CI,0.861773251,8/26/25,,CI,CI_F1F-145
CI,0.75262838,8/26/25,,CI,CI_F1F-146
CI,0.065655327,8/26/25,,CI,CI_F1F-147
CI,0.792577733,8/26/25,,CI,CI_F1F-148
CI,0.340251698,8/26/25,,CI,CI_F1F-149
CI,0.769618057,8/26/25,,CI,CI_F1F-150
CI,0.240622196,8/26/25,,CI,CI_F1F-151
CI,0.058550767,8/26/25,,CI,CI_F1F-152
CI,0.454952618,8/26/25,,CI,CI_F1F-153
CI,0.6097315,8/26/25,,CI,CI_F1F-154
CI,0.905443345,8/26/25,,CI,CI_F1F-155
CI,0.969677504,8/26/25,,CI,CI_F1F-156
CI,0.333138707,8/26/25,,CI,CI_F1F-157
CI,0.456318467,8/26/25,,CI,CI_F1F-158
CI,0.93247865,8/26/25,,CI,CI_F1F-159
CI,0.89084882,8/26/25,,CI,CI_F1F-160
CI,0.471690606,8/26/25,,CI,CI_F1F-161
CI,0.395786441,8/26/25,,CI,CI_F1F-162
CI,0.963397471,8/26/25,,CI,CI_F1F-163
CI,0.857000933,8/26/25,,CI,CI_F1F-164
CI,0.983937882,8/26/25,,CI,CI_F1F-165
CI,0.097369911,8/26/25,,CI,CI_F1F-166
CI,0.019218828,8/26/25,,CI,CI_F1F-167
CI,0.909311616,8/26/25,,CI,CI_F1F-168
CI,0.392978528,8/26/25,,CI,CI_F1F-169
CI,0.829872975,8/26/25,,CI,CI_F1F-170
CI,0.211330701,1/25/26,2,CI-1-25-26,a-1
CI,0.089555562,1/25/26,,CI-1-25-26,a-2
CI,0.426336813,1/25/26,,CI-1-25-26,a-3
CI,0.503183291,1/25/26,,CI-1-25-26,a-4
CI,0.883437798,1/25/26,,CI-1-25-26,a-5
CI,0.695743901,1/25/26,,CI-1-25-26,a-6
CI,0.227581064,1/25/26,,CI-1-25-26,b-1
CI,0.838997494,1/25/26,,CI-1-25-26,b-2
CI,0.645319951,1/25/26,,CI-1-25-26,b-3
CI,0.47984917,1/25/26,,CI-1-25-26,b-4
CI,0.718729424,1/25/26,,CI-1-25-26,b-5
CI,0.261057389,1/25/26,,CI-1-25-26,b-6
CI,0.886503098,1/25/26,,CI-1-25-26,b-7
CI,0.105633447,1/26/26,4,CI-1-26-26,a-1
CI,0.171827818,1/26/26,,CI-1-26-26,a-2
CI,0.13707069,1/26/26,,CI-1-26-26,a-3
CI,0.925246855,1/26/26,,CI-1-26-26,b-1
CI,0.604791486,1/26/26,,CI-1-26-26,b-2
CI,0.946943424,1/26/26,,CI-1-26-26,b-3
CI,0.013265464,1/26/26,,CI-1-26-26,c-1
CI,0.453590496,1/26/26,,CI-1-26-26,d-1
CI,0.800891665,1/26/26,,CI-1-26-26,d-2
CI,0.460220528,1/26/26,,CI-1-26-26,d-3
CI,0.662896019,1/26/26,,CI-1-26-26,d-4
CI,0.912237069,1/26/26,,CI-1-26-26,d-5
CI,0.008569816,1/27/26,3,CI-1-27-26,a-1
CI,0.033180894,1/27/26,,CI-1-27-26,a-2
CI,0.00801918,1/27/26,,CI-1-27-26,a-3
CI,0.003371468,1/27/26,,CI-1-27-26,a-4
CI,0.003511518,1/27/26,,CI-1-27-26,b-1
CI,0.453475893,1/27/26,,CI-1-27-26,b-2
CI,0.810204609,1/27/26,,CI-1-27-26,b-3
CI,0.470554157,1/27/26,,CI-1-27-26,b-4
CI,0.466919187,1/27/26,,CI-1-27-26,c-1
CI,0.74296218,1/27/26,,CI-1-27-26,c-2
CI,0.824998991,1/27/26,,CI-1-27-26,c-3
CI,0.194962053,1/27/26,,CI-1-27-26,c-4
CI,0.463737321,1/27/26,,CI-1-27-26,c-5
CI,0.013592669,1/30/26,3,CI-1-30-26,a-1
CI,0.357359789,1/30/26,,CI-1-30-26,b-1
CI,0.109973197,1/30/26,,CI-1-30-26,b-2
CI,0.811062815,1/30/26,,CI-1-30-26,b-3
CI,0.257479111,1/30/26,,CI-1-30-26,c-1
CI,0.317093939,1/30/26,,CI-1-30-26,c-2
CI,0.10451758,1/30/26,,CI-1-30-26,c-3
CI,0.072534654,1/30/26,,CI-1-30-26,c-4
CI,0.269295165,1/30/26,,CI-1-30-26,c-5
CI,0.131231716,1/30/26,,CI-1-30-26,c-6
CI,0.468865172,1/30/26,,CI-1-30-26,c-7
CI,0.46087139,1/30/26,,CI-1-30-26,c-8
CI,0.178468281,1/30/26,,CI-1-30-26,c-9
CI,0.034553384,1/30/26,,CI-1-30-26,c-10
CI,0.044950433,2/3/26,2,CI-2-3-26,a-1
CI,0.479600358,2/3/26,,CI-2-3-26,a-2
CI,0.692942163,2/3/26,,CI-2-3-26,a-3
CI,0.832235094,2/3/26,,CI-2-3-26,a-4
CI,0.172144597,2/3/26,,CI-2-3-26,a-5
CI,0.948660289,2/3/26,,CI-2-3-26,a-6
CI,0.087643882,2/3/26,,CI-2-3-26,a-7
CI,0.025694302,2/3/26,,CI-2-3-26,b-1
CI,0.013579519,2/3/26,,CI-2-3-26,b-2
CI,0.538016306,2/3/26,,CI-2-3-26,b-3
CI,0.873366603,2/3/26,,CI-2-3-26,b-4
CI,0.175347638,2/3/26,,CI-2-3-26,b-5
CI,0.214233294,2/3/26,,CI-2-3-26,b-6
CI,0.004270627,2/3/26,,CI-2-3-26,b-7
CI,0.223497895,2/3/26,,CI-2-3-26,b-8
CI,0.000320772,2/3/26,,CI-2-3-26,b-9
CI,0.071637754,2/3/26,,CI-2-3-26,b-10
II,0.596261086,8/11/25,3,Rescue,UU_F1F-1
II,0.229279146,8/11/25,,Rescue,UU_F1F-2
II,0.346942913,8/11/25,,Rescue,UU_F1F-3
II,0.723132109,8/11/25,,Rescue,UU_F1F-4
II,0.096237746,8/11/25,,Rescue,UU_F1F-5
II,0.039946914,8/11/25,,Rescue,UU_F1F-6
II,0.068476017,8/11/25,,Rescue,UU_F1F-7
II,0.016759246,8/11/25,,Rescue,UU_F1F-8
II,0.093242714,8/11/25,,Rescue,UU_F1F-9
II,0.408422345,8/11/25,,Rescue,UU_F1F-10
II,0.011967707,8/11/25,,Rescue,UU_F1F-11
II,0.007841586,8/11/25,,Rescue,UU_F1F-12
II,0.670826304,8/11/25,,Rescue,UU_F1F-13
II,0.564001329,8/11/25,,Rescue,UU_F1F-14
II,0.099513355,8/11/25,,Rescue,UU_F1F-15
II,0.434545058,8/11/25,,Rescue,UU_F1F-16
II,0.140204546,8/14/25,2,Rescue,UU_F1F-17
II,0.683366192,8/14/25,,Rescue,UU_F1F-18
II,0.025363748,8/14/25,,Rescue,UU_F1F-19
II,0.07676833,8/14/25,,Rescue,UU_F1F-20
II,0.464736444,8/14/25,,Rescue,UU_F1F-21
II,0.002114033,8/14/25,,Rescue,UU_F1F-22
II,0.5206199,8/14/25,,Rescue,UU_F1F-23
II,0.093891496,8/14/25,,Rescue,UU_F1F-24
II,0.356790307,8/14/25,,Rescue,UU_F1F-25
II,0.370683295,8/14/25,,Rescue,UU_F1F-26
II,0.169062569,8/14/25,,Rescue,UU_F1F-27
II,0.290902299,8/14/25,,Rescue,UU_F1F-28
II,0.762843699,8/15/25,1,Rescue,UU_F1F-29
II,0.335453826,8/15/25,,Rescue,UU_F1F-30
II,0.874705085,8/15/25,,Rescue,UU_F1F-31
II,0.971368974,8/15/25,,Rescue,UU_F1F-32
II,0.956705991,8/15/25,,Rescue,UU_F1F-33
II,0.959855346,8/15/25,,Rescue,UU_F1F-34
II,0.694017486,8/15/25,,Rescue,UU_F1F-35
II,0.893771906,8/15/25,,Rescue,UU_F1F-36
II,0.968518593,8/15/25,,Rescue,UU_F1F-37
II,0.967158327,8/15/25,,Rescue,UU_F1F-38
II,0.93790299,8/15/25,,Rescue,UU_F1F-39
II,0.937012798,8/15/25,,Rescue,UU_F1F-40
II,0.881540197,8/15/25,,Rescue,UU_F1F-41
II,0.956753501,8/15/25,,Rescue,UU_F1F-42
II,0.993082637,8/15/25,,Rescue,UU_F1F-43
II,0.981156443,8/18/25,4,Rescue,UU_F1F-44
II,0.391930981,8/18/25,,Rescue,UU_F1F-45
II,0.786407767,8/18/25,,Rescue,UU_F1F-46
II,0.839153925,8/18/25,,Rescue,UU_F1F-47
II,0.496547051,8/18/25,,Rescue,UU_F1F-48
II,0.122149542,8/18/25,,Rescue,UU_F1F-49
II,0.146118721,8/18/25,,Rescue,UU_F1F-50
II,0.920265614,8/18/25,,Rescue,UU_F1F-51
II,0.882183414,8/18/25,,Rescue,UU_F1F-52
II,0.661236875,8/18/25,,Rescue,UU_F1F-53
II,0.973231541,8/18/25,,Rescue,UU_F1F-54
II,0.528776657,8/18/25,,Rescue,UU_F1F-55
II,0.907567497,8/18/25,,Rescue,UU_F1F-56
II,0.985859873,8/18/25,,Rescue,UU_F1F-57
II,0.147725119,8/18/25,,Rescue,UU_F1F-58
II,0.961759984,8/18/25,,Rescue,UU_F1F-59
II,0.785868703,8/18/25,,Rescue,UU_F1F-60
II,0.111957272,8/18/25,,Rescue,UU_F1F-61
II,0.072074607,8/18/25,,Rescue,UU_F1F-62
II,0.787144999,8/18/25,,Rescue,UU_F1F-63
II,0.18823683,8/18/25,,Rescue,UU_F1F-64
II,0.638324367,8/18/25,,Rescue,UU_F1F-65
II,0.968773778,8/18/25,,Rescue,UU_F1F-66
II,0.89381587,8/18/25,,Rescue,UU_F1F-67
II,0.756305956,8/18/25,,Rescue,UU_F1F-68
II,0.534448447,8/18/25,,Rescue,UU_F1F-69
II,0.567747198,8/18/25,,Rescue,UU_F1F-70
II,0.632098027,8/18/25,,Rescue,UU_F1F-71
II,0.091209728,8/18/25,,Rescue,UU_F1F-72
II,0.942785373,8/18/25,,Rescue,UU_F1F-73
II,0.93060685,8/18/25,,Rescue,UU_F1F-74
II,0.538820719,8/18/25,,Rescue,UU_F1F-75
II,0.930526779,8/18/25,,Rescue,UU_F1F-76
II,0.11923148,8/18/25,,Rescue,UU_F1F-77
II,0.616602074,8/18/25,,Rescue,UU_F1F-78
II,8.20496E-05,8/18/25,,Rescue,UU_F1F-79
II,0.33058401,8/18/25,,Rescue,UU_F1F-80
II,0.91781477,8/18/25,,Rescue,UU_F1F-81
II,0.549749356,8/18/25,,Rescue,UU_F1F-82
II,0.007440716,8/18/25,,Rescue,UU_F1F-83
II,0.811888615,8/18/25,,Rescue,UU_F1F-84
II,0.296162187,8/18/25,,Rescue,UU_F1F-85
II,0.889422359,8/18/25,,Rescue,UU_F1F-86
II,0.219322106,8/20/25,2,Rescue,UU_F1F-87
II,0.002140072,8/20/25,,Rescue,UU_F1F-88
II,0.325849165,8/20/25,,Rescue,UU_F1F-89
II,0.902989414,8/20/25,,Rescue,UU_F1F-90
II,0.894504589,8/20/25,,Rescue,UU_F1F-91
II,0.935777087,8/20/25,,Rescue,UU_F1F-92
II,0.84020665,8/20/25,,Rescue,UU_F1F-93
II,0.226092903,8/21/25,4,Rescue,UU_F1F-94
II,0.793031742,8/21/25,,Rescue,UU_F1F-95
II,0.015328445,8/21/25,,Rescue,UU_F1F-96
II,0.587837569,8/21/25,,Rescue,UU_F1F-97
II,0.021259283,8/21/25,,Rescue,UU_F1F-98
II,0.030277099,8/21/25,,Rescue,UU_F1F-99
II,0.851863348,8/21/25,,Rescue,UU_F1F-100
II,0.280285831,8/21/25,,Rescue,UU_F1F-101
II,0.499254399,8/21/25,,Rescue,UU_F1F-102
II,0.350933495,8/21/25,,Rescue,UU_F1F-103
II,0.004698125,8/21/25,,Rescue,UU_F1F-104
II,0.068749038,8/21/25,,Rescue,UU_F1F-105
II,0.002459871,8/21/25,,Rescue,UU_F1F-106
II,0.306007855,8/21/25,,Rescue,UU_F1F-107
II,0.001817609,8/21/25,,Rescue,UU_F1F-108
II,0.809967382,8/21/25,,Rescue,UU_F1F-109
II,0.077817246,8/21/25,,Rescue,UU_F1F-110
II,0.262124619,8/21/25,,Rescue,UU_F1F-111
II,0.033011999,8/21/25,,Rescue,UU_F1F-112
II,0.323261415,8/21/25,,Rescue,UU_F1F-113
II,0.015546308,8/21/25,,Rescue,UU_F1F-114
II,0.479788579,8/21/25,,Rescue,UU_F1F-115
II,0.054614639,8/21/25,,Rescue,UU_F1F-116
II,0.222855889,8/22/25,7,Rescue,UU_F1F-117
II,0.77853001,8/22/25,,Rescue,UU_F1F-118
II,0.047959512,8/22/25,,Rescue,UU_F1F-119
II,0.047926906,8/22/25,,Rescue,UU_F1F-120
II,0.40216042,8/22/25,,Rescue,UU_F1F-121
II,0.04031484,8/22/25,,Rescue,UU_F1F-122
II,0.025217036,8/22/25,,Rescue,UU_F1F-123
II,0.747272235,8/22/25,,Rescue,UU_F1F-124
II,0.813175543,8/22/25,,Rescue,UU_F1F-125
II,0.892651972,8/22/25,,Rescue,UU_F1F-126
II,0.003739989,8/22/25,,Rescue,UU_F1F-127
II,0.907791322,8/22/25,,Rescue,UU_F1F-128
II,0.846816095,8/22/25,,Rescue,UU_F1F-129
II,0.204140787,8/22/25,,Rescue,UU_F1F-130
II,0.868744249,8/22/25,,Rescue,UU_F1F-131
II,0.386205784,8/22/25,,Rescue,UU_F1F-132
II,0.742003031,8/22/25,,Rescue,UU_F1F-133
II,0.022415775,8/22/25,,Rescue,UU_F1F-134
II,0.035867633,8/22/25,,Rescue,UU_F1F-135
II,0.915625125,8/22/25,,Rescue,UU_F1F-136
II,0.627006252,8/22/25,,Rescue,UU_F1F-137
II,0.650639019,8/22/25,,Rescue,UU_F1F-138
II,0.136747518,8/22/25,,Rescue,UU_F1F-139
II,0.206942385,8/22/25,,Rescue,UU_F1F-140
II,0.783478985,8/22/25,,Rescue,UU_F1F-141
II,0.28326933,8/22/25,,Rescue,UU_F1F-142
II,0.874459707,8/22/25,,Rescue,UU_F1F-143
II,0.870994481,8/22/25,,Rescue,UU_F1F-144
II,0.945660794,8/22/25,,Rescue,UU_F1F-145
II,0.36914403,8/22/25,,Rescue,UU_F1F-146
II,0.907459567,8/22/25,,Rescue,UU_F1F-147
II,0.863193592,8/22/25,,Rescue,UU_F1F-148
II,0.355912569,8/22/25,,Rescue,UU_F1F-149
II,0.795753916,8/22/25,,Rescue,UU_F1F-150
II,0.676549251,8/22/25,,Rescue,UU_F1F-151
II,0.214047599,8/22/25,,Rescue,UU_F1F-152
II,0.160667124,8/22/25,,Rescue,UU_F1F-153
II,0.906947853,8/22/25,,Rescue,UU_F1F-154
II,0.769997431,8/22/25,,Rescue,UU_F1F-155
II,0.240852043,8/22/25,,Rescue,UU_F1F-156
II,0.290020923,8/22/25,,Rescue,UU_F1F-157
II,0.916841015,8/22/25,,Rescue,UU_F1F-158
II,0.704558604,8/22/25,,Rescue,UU_F1F-159
II,0.28512752,8/22/25,,Rescue,UU_F1F-160
II,0.630432867,8/22/25,,Rescue,UU_F1F-161
II,0.276877716,8/22/25,,Rescue,UU_F1F-162
II,0.006878339,8/22/25,,Rescue,UU_F1F-163
II,0.282895006,8/22/25,,Rescue,UU_F1F-164
II,0.42680433,8/22/25,,Rescue,UU_F1F-165
II,0.103970025,8/22/25,,Rescue,UU_F1F-166
II,0.44116822,8/22/25,,Rescue,UU_F1F-167
II,0.16090416,8/22/25,,Rescue,UU_F1F-168
II,0.642715742,8/22/25,,Rescue,UU_F1F-169
II,0.953899836,8/25/25,2,Rescue,UU_F1F-170
II,0.964871524,8/25/25,,Rescue,UU_F1F-171
II,0.07440079,8/25/25,,Rescue,UU_F1F-172
II,0.753762079,8/25/25,,Rescue,UU_F1F-173
II,0.751625009,8/25/25,,Rescue,UU_F1F-174
II,0.970674338,8/25/25,,Rescue,UU_F1F-175
II,0.529853733,8/25/25,,Rescue,UU_F1F-176
II,0.032235579,8/25/25,,Rescue,UU_F1F-177
II,0.663750903,8/25/25,,Rescue,UU_F1F-178
II,0.11521823,8/25/25,,Rescue,UU_F1F-179
II,0.366682594,8/26/25,5,Rescue,UU_F1F-180
II,0.142246956,8/26/25,,Rescue,UU_F1F-181
II,0.252018581,8/26/25,,Rescue,UU_F1F-182
II,0.66416533,8/26/25,,Rescue,UU_F1F-183
II,0.762704256,8/26/25,,Rescue,UU_F1F-184
II,0.565456925,8/26/25,,Rescue,UU_F1F-185
II,0.096511173,8/26/25,,Rescue,UU_F1F-186
II,0.12180319,8/26/25,,Rescue,UU_F1F-187
II,0.163380451,8/26/25,,Rescue,UU_F1F-188
II,0.907812942,8/26/25,,Rescue,UU_F1F-189
II,0.72760976,8/26/25,,Rescue,UU_F1F-190
II,0.27964226,8/26/25,,Rescue,UU_F1F-191
II,0.016947406,8/26/25,,Rescue,UU_F1F-192
II,0.858551973,8/26/25,,Rescue,UU_F1F-193
II,0.303561221,8/26/25,,Rescue,UU_F1F-194
II,0.146932312,8/26/25,,Rescue,UU_F1F-195
II,0.333703226,8/26/25,,Rescue,UU_F1F-196
II,0.216947621,8/26/25,,Rescue,UU_F1F-197
II,0.507600044,8/26/25,,Rescue,UU_F1F-198
II,0.114619002,8/26/25,,Rescue,UU_F1F-199
II,0.086460498,8/26/25,,Rescue,UU_F1F-200
II,0.732777783,8/26/25,,Rescue,UU_F1F-201
II,0.632714904,8/26/25,,Rescue,UU_F1F-202
II,0.174312482,8/26/25,,Rescue,UU_F1F-203
II,0.751293729,8/26/25,,Rescue,UU_F1F-204
II,0.968522554,8/26/25,,Rescue,UU_F1F-205
II,0.965259282,8/26/25,,Rescue,UU_F1F-206
II,0.251297565,8/26/25,,Rescue,UU_F1F-207
II,0.871437827,8/26/25,,Rescue,UU_F1F-208
II,0.778022997,8/26/25,,Rescue,UU_F1F-209
II,0.459702919,8/26/25,,Rescue,UU_F1F-210
II,0.113279067,8/26/25,,Rescue,UU_F1F-211
II,0.115305729,8/26/25,,Rescue,UU_F1F-212
II,0.911760876,8/26/25,,Rescue,UU_F1F-213
II,0.916561041,8/26/25,,Rescue,UU_F1F-214
II,0.487729074,8/26/25,,Rescue,UU_F1F-215
II,0.464255408,8/26/25,,Rescue,UU_F1F-216
II,0.009809657,8/26/25,,Rescue,UU_F1F-217
II,0.709187032,8/26/25,,Rescue,UU_F1F-218
II,0.942908721,8/26/25,,Rescue,UU_F1F-219
II,0.761644082,8/27/25,4,Rescue,UU_F1F-220
II,0.096567459,8/27/25,,Rescue,UU_F1F-221
II,0.002064996,8/27/25,,Rescue,UU_F1F-222
II,0.907636905,8/27/25,,Rescue,UU_F1F-223
II,0.041996379,8/27/25,,Rescue,UU_F1F-224
II,0.828359631,8/27/25,,Rescue,UU_F1F-225
II,0.049734176,8/27/25,,Rescue,UU_F1F-226
II,0.781970818,8/27/25,,Rescue,UU_F1F-227
II,0.770549221,8/27/25,,Rescue,UU_F1F-228
II,0.708781864,8/27/25,,Rescue,UU_F1F-229
II,0.119935255,8/27/25,,Rescue,UU_F1F-230
II,0.243167498,8/27/25,,Rescue,UU_F1F-231
II,0.597878021,8/27/25,,Rescue,UU_F1F-232
II,0.306879372,8/27/25,,Rescue,UU_F1F-233
II,0.109688909,8/27/25,,Rescue,UU_F1F-234
II,0.17061674,8/27/25,,Rescue,UU_F1F-235
II,0.08680832,8/27/25,,Rescue,UU_F1F-236
II,0.64968191,8/27/25,,Rescue,UU_F1F-237
II,0.789804915,8/27/25,,Rescue,UU_F1F-238
II,0.719294179,8/27/25,,Rescue,UU_F1F-239
II,0.068980886,8/27/25,,Rescue,UU_F1F-240
II,0.962255251,8/27/25,,Rescue,UU_F1F-241
II,0.22988563,8/27/25,,Rescue,UU_F1F-242
II,0.967051567,9/1/25,3,Rescue,UU_F1F-243
II,0.896762782,9/1/25,,Rescue,UU_F1F-244
II,0.94254633,9/1/25,,Rescue,UU_F1F-245
II,0.753101467,9/1/25,,Rescue,UU_F1F-246
II,0.006210729,9/1/25,,Rescue,UU_F1F-247
II,0.110037338,9/1/25,,Rescue,UU_F1F-248
II,0.940712923,9/1/25,,Rescue,UU_F1F-249
II,0.799836398,9/1/25,,Rescue,UU_F1F-250
II,0.762053281,9/1/25,,Rescue,UU_F1F-251
II,0.804836738,9/1/25,,Rescue,UU_F1F-252
II,0.915410581,9/1/25,,Rescue,UU_F1F-253
II,0.77037289,9/1/25,,Rescue,UU_F1F-254
II,0.483243513,9/1/25,,Rescue,UU_F1F-255
II,0.138848296,9/1/25,,Rescue,UU_F1F-256
II,0.84708504,9/1/25,,Rescue,UU_F1F-257
II,0.509694769,9/1/25,,Rescue,UU_F1F-258
II,0.851975727,9/1/25,,Rescue,UU_F1F-259
II,0.940104298,9/1/25,,Rescue,UU_F1F-260
II,0.948974176,9/1/25,,Rescue,UU_F1F-261
II,0.819101022,9/1/25,,Rescue,UU_F1F-262
II,0.02471495,9/1/25,,Rescue,UU_F1F-263
II,0.665731985,9/1/25,,Rescue,UU_F1F-264
II,0.92282802,9/1/25,,Rescue,UU_F1F-265
II,0.973031208,9/1/25,,Rescue,UU_F1F-266
II,0.968063644,9/2/25,3,Rescue,UU_F1F-267
II,0.02990845,9/2/25,,Rescue,UU_F1F-268
II,0.873496553,9/2/25,,Rescue,UU_F1F-269
II,0.798758928,9/2/25,,Rescue,UU_F1F-270
II,0.231359439,9/2/25,,Rescue,UU_F1F-271
II,0.088808967,9/2/25,,Rescue,UU_F1F-272
II,0.015468645,9/2/25,,Rescue,UU_F1F-273
II,0.507532313,9/2/25,,Rescue,UU_F1F-274
II,0.864214496,9/2/25,,Rescue,UU_F1F-275
II,0.962288647,9/2/25,,Rescue,UU_F1F-276
II,0.376682784,9/2/25,,Rescue,UU_F1F-277
II,0.135336449,9/2/25,,Rescue,UU_F1F-278
II,0.925347444,9/2/25,,Rescue,UU_F1F-279
II,0.867585848,9/2/25,,Rescue,UU_F1F-280
II,0.581898588,9/2/25,,Rescue,UU_F1F-281
II,0.791814037,9/2/25,,Rescue,UU_F1F-282
II,0.951559316,9/2/25,,Rescue,UU_F1F-283
II,0.906984314,9/2/25,,Rescue,UU_F1F-284
II,0.970689565,9/2/25,,Rescue,UU_F1F-285
II,0.992400414,9/2/25,,Rescue,UU_F1F-286
II,0.790133838,9/2/25,,Rescue,UU_F1F-287
II,0.86222084,9/2/25,,Rescue,UU_F1F-288
II,0.938315504,9/2/25,,Rescue,UU_F1F-289
II,0.160649584,9/2/25,,Rescue,UU_F1F-290
II,0.13062535,9/2/25,,Rescue,UU_F1F-291
II,0.230854831,9/2/25,,Rescue,UU_F1F-292
II,0.841336369,9/2/25,,Rescue,UU_F1F-293