name,wl
I male,0.2553448
I male,0.271097046
I male,0.258269611
I male,0.383604022
I male,0.164918904
I male,0.203694931
I male,0.199557087
I male,0.194054088
I male,0.205382334
I male,0.254595507
I male,0.223644217
I male,0.22487033
I male,0.277055128
I male,0.188352766
I male,0.493172691
I male,0.182393459
I male,0.300868669
I male,0.354903027
I male,0.200215013
I male,0.185722652
I male,0.278542013
I male,0.189308882
I male,0.305323741
I male,0.293636364
I male,0.320548225
I male,0.247914085
I male,0.259001637
I male,0.258726899
U male,0.37198364
U male,0.355725576
U male,0.366633902
U male,0.30142601
U male,0.259291122
U male,0.359276359
U male,0.240201005
I female,0.289512435
I female,0.239832675
I female,0.246847287
I female,0.216451473
I female,0.315873651
I female,0.289888954
I female,0.190093195
I female,0.324796011
I female,0.240353507
I female,0.282505996
I female,0.246280534
I female,0.197927589
I female,0.21467205
I female,0.236565254
I female,0.213120858
I female,0.264582687
I female,0.306668766
I female,0.278017907
I female,0.32385838
I female,0.327825377
I female,0.273425813
I female,0.285725197
I female,0.306906766
I female,0.329657252
I female,0.33193636
I female,0.325673642
I female,0.294861722
I female,0.257144811
I female,0.241620577
I female,0.248232358
I female,0.233773585
I female,0.270443433
I female,0.210710581
I female,0.174231888
I female,0.211648396
U male,0.240572079
U female,0.324887498
U female,0.281064346
U female,0.286429602
U female,0.221593415
U female,0.272561833
U female,0.25443106
U female,0.384242424
U female,0.259755524
U female,0.302337245
U female,0.324995385
U female,0.231730488
U female,0.303414712
U female,0.180415387
U female,0.235696985
U female,0.170790999
U female,0.320361017
I sim male,0.279014232
I sim male,0.226429041
I sim male,0.415938985
I sim male,0.244757227
I sim male,0.37041076
I sim male,0.434912948
I sim male,0.486330574
I sim male,0.324979201
I sim male,0.195733575
I sim male,0.291619528
I sim male,0.305733781
I sim male,0.461857968
I sim male,0.182157648
I sim male,0.23356598
I sim male,0.28112077
I sim male,0.292425309
I sim male,0.305933485
I sim male,0.286147903
I sim male,0.258874306
I sim male,0.328567371
I sim male,0.299038181
I sim male,0.402603956
I sim male,0.247423537
I sim male,0.236591479
I sim male,0.314325942
I sim male,0.290291635
I sim male,0.2127879
I sim male,0.365720426
I sim male,0.357012251
I sim male,0.223646351
I sim male,0.224396187
I sim male,0.340893471
I sim male,0.318278736
I sim male,0.218341463
I sim male,0.209186879
I sim male,0.223497017
I sim male,0.203742204
I sim male,0.187203329
I sim male,0.230668605
I sim male,0.310196395
I sim male,0.196784878
I sim male,0.241683591
I sim male,0.28125
I sim male,0.195308238
I sim male,0.279898622
I sim male,0.19919533
I sim male,0.239297674
I sim male,0.260803025
I sim male,0.258433336
I sim male,0.2700105
I sim male,0.170036588
I sim male,0.167390881
I sim male,0.32368552
I sim male,0.211136051