name,red,date,Number of vials,Photo_ID
U fathers,0.368615028,,,fathers_U-1
U fathers,0.551750996,,,fathers_U-2
U fathers,0.411345837,,,fathers_U-3
U fathers,0.546759045,,,fathers_U-4
U fathers,0.461186529,,,fathers_U-5
U fathers,0.607409209,,,fathers_U-6
U fathers,0.146377901,,,fathers_U-7
U fathers,0.563955001,,,fathers_U-8
U fathers,0.520353965,,,fathers_U-9
U fathers,0.103994596,,,fathers_U-10
U fathers,0.114103766,,,fathers_U-11
U fathers,0.040353547,,,fathers_U-12
U fathers,0.076237223,,,fathers_U-13
U fathers,0.351138317,,,fathers_U-14
U fathers,0.051189937,,,fathers_U-15
U fathers,0.011258052,,,fathers_U-16
U fathers,0.013891254,,,fathers_U-17
U fathers,0.084432012,,,fathers_U-18
U fathers,0.451613228,,,fathers_U-19
U fathers,0.056185383,,,fathers_U-20
U fathers,0.116710228,,,fathers_U-21
U fathers,0.052348022,,,fathers_U-22
U fathers,0.041931507,,,fathers_U-23
U fathers,0.030039353,,,fathers_U-24
U fathers,0.502719644,,,fathers_U-25
U fathers,0.537124611,,,fathers_U-26
U fathers,0.178812892,,,fathers_U-27
U fathers,0.358714567,,,fathers_U-28
U fathers,0.058036704,,,fathers_U-29
U fathers,0.025863379,,,fathers_U-30
U fathers,1.57E-06,,,fathers_U-31
U fathers,0.19564754,,,fathers_U-32
U fathers,0.046158236,,,fathers_U-33
U fathers,0.330545653,,,fathers_U-34
U fathers,0.021198676,,,fathers_U-35
U fathers,0.294062405,,,fathers_U-36
U fathers,0.010998299,,,fathers_U-37
U fathers,0.103345854,,,fathers_U-38
U fathers,0.032058835,,,fathers_U-39
U fathers,0.091232955,,,fathers_U-40
U fathers,0.031912652,,,fathers_U-41
U fathers,0.057165002,,,fathers_U-42
U fathers,0.013814259,,,fathers_U-43
U fathers,0.012652102,,,fathers_U-44
U fathers,0.14268068,,,fathers_U-45
U fathers,0.489081841,,,fathers_U-46
U fathers,0.464119757,,,fathers_U-47
U fathers,0.09268754,,,fathers_U-48
U fathers,0.291311912,,,fathers_U-49
U fathers,0.245826189,,,fathers_U-50
U fathers,0.100578269,,,fathers_U-51
U fathers,0.149645347,,,fathers_U-52
U fathers,0.025441277,,,fathers_U-53
U fathers,0.178704356,,,fathers_U-54
U fathers,0.290820218,,,fathers_U-55
U fathers,0.002809869,,,fathers_U-56
I fathers,0.039353111,,,fathers_I-1
I fathers,0.311513859,,,fathers_I-2
I fathers,0.09635651,,,fathers_I-3
I fathers,0.479466618,,,fathers_I-4
I fathers,0.204972044,,,fathers_I-5
I fathers,0.073491882,,,fathers_I-6
I fathers,0.177531729,,,fathers_I-7
I fathers,0.204051005,,,fathers_I-8
I fathers,0.547944645,,,fathers_I-9
I fathers,0.37692372,,,fathers_I-10
I fathers,0.196591552,,,fathers_I-11
I fathers,0.288973191,,,fathers_I-12
I fathers,0.254338546,,,fathers_I-13
I fathers,0.083017511,,,fathers_I-14
I fathers,0.289560118,,,fathers_I-15
I fathers,0.163867014,,,fathers_I-16
I fathers,0.163192418,,,fathers_I-17
I fathers,0.194706335,,,fathers_I-18
I fathers,0.012206336,,,fathers_I-19
I fathers,0.165200875,,,fathers_I-20
I fathers,0.282629173,,,fathers_I-21
I fathers,0.042439113,,,fathers_I-22
I fathers,0.121817279,,,fathers_I-23
I fathers,0.101408164,,,fathers_I-24
I fathers,0.00220384,,,fathers_I-25
I fathers,0.013148475,,,fathers_I-26
I fathers,0.088304648,,,fathers_I-27
I fathers,0.293407157,,,fathers_I-28
I fathers,0.152184204,,,fathers_I-29
I fathers,0.113730088,,,fathers_I-30
I fathers,0.27533547,,,fathers_I-31
I fathers,0.570975578,,,fathers_I-32
I fathers,0.131619564,,,fathers_I-33
I fathers,0.097147437,,,fathers_I-34
I fathers,0.096505756,,,fathers_I-35
I fathers,0.094821627,,,fathers_I-36
I fathers,0.340600667,,,fathers_I-37
I fathers,0.263169122,,,fathers_I-38
I fathers,0.096051204,,,fathers_I-39
I fathers,0.350492968,,,fathers_I-40
I fathers,0.326925844,,,fathers_I-41
I fathers,0.00026164,,,fathers_I-42
I fathers,0.079148858,,,fathers_I-43
I fathers,0.333373994,,,fathers_I-44
I fathers,0.012386238,,,fathers_I-45
I fathers,0.253682949,,,fathers_I-46
I fathers,0.053127351,,,fathers_I-47
I fathers,0.314611835,,,fathers_I-48
I fathers,5.11E-05,,,fathers_I-49
I fathers,0.354211792,,,fathers_I-50
I fathers,0.240535754,,,fathers_I-51
I fathers,0.069806072,,,fathers_I-52
I fathers,0.324621072,,,fathers_I-53
I fathers,0.126765668,,,fathers_I-54
I fathers,0.301507799,,,fathers_I-55
I fathers,0.315009663,,,fathers_I-56
I fathers,0.022427925,,,fathers_I-57
I fathers,0.027023229,,,fathers_I-58
I fathers,0.082823915,,,fathers_I-59
I fathers,0.035162698,,,fathers_I-60
I fathers,0.060088086,,,fathers_I-61
I fathers,0.288205056,,,fathers_I-62
I fathers,0.033077095,,,fathers_I-63
I fathers,0.163099086,,,fathers_I-64
U XY,0.986456325,12/9/24,2,UxU_male-1
U XY,0.999939798,12/9/24,,UxU_male-2
U XY,0.945888334,12/9/24,,UxU_male-3
U XY,0.994107035,12/9/24,,UxU_male-4
U XY,0.997406291,12/20/24,3,UxU_male-5
U XY,0.933117281,12/20/24,,UxU_male-6
U XY,0.688686944,12/20/24,,UxU_male-7
U XY,0.856203367,12/20/24,,UxU_male-9
U XY,0.963904173,12/20/24,,UxU_male-10
U XY,0.996272436,12/20/24,,UxU_male-11
U XY,0.994042672,12/20/24,,UxU_male-12
U XY,0.99148114,12/20/24,,UxU_male-13
U XY,0.907193739,12/20/24,,UxU_male-14
U XY,0.559775191,12/21/24,3,UxU_male-16
U XY,0.974809819,12/21/24,,UxU_male-17
U XY,0.930545683,12/21/24,,UxU_male-18
U XY,0.719079126,12/21/24,,UxU_male-19
U XY,0.895004346,12/21/24,,UxU_male-21
U XY,0.9689731,12/21/24,,UxU_male-22
U XY,0.989498807,12/21/24,,UxU_male-24
U XY,0.971298737,12/21/24,,UxU_male-25
U XY,0.969863892,12/21/24,,UxU_male-26
U XY,0.986533811,12/21/24,,UxU_male-27
U XY,0.976615236,12/21/24,,UxU_male-28
U XY,0.99748711,12/21/24,,UxU_male-29
U XY,0.722147302,12/21/24,,UxU_male-30
U XY,0.983690205,12/22/24,6,UxU_male-33
U XY,0.999959832,12/22/24,,UxU_male-35
U XY,0.99269595,12/22/24,,UxU_male-36
U XY,0.981354879,12/22/24,,UxU_male-37
U XY,0.995451305,12/22/24,,UxU_male-38
U XY,0.996085767,12/22/24,,UxU_male-39
U XY,0.633700111,12/23/24,4,UxU_male-40
U XY,0.983784675,12/23/24,,UxU_male-41
U XY,0.999998741,12/23/24,,UxU_male-43
U XY,0.996700935,12/23/24,,UxU_male-44
U XY,0.986776843,12/23/24,,UxU_male-45
U XY,0.869325141,12/23/24,,UxU_male-46
U XY,0.975889964,12/23/24,,UxU_male-47
U XY,0.963934426,12/23/24,,UxU_male-48
U XY,0.967718012,1/4/25,2,UxU_male-49
U XY,0.917209036,1/4/25,,UxU_male-50
U XY,0.870034232,1/4/25,,UxU_male-51
U XY,0.918130189,1/4/25,,UxU_male-52
U XY,0.845086577,1/4/25,,UxU_male-53
U XY,0.946337042,1/4/25,,UxU_male-54
U XY,0.90523385,1/4/25,,UxU_male-55
U XY,0.963183055,1/4/25,,UxU_male-56
U XY,0.881641532,1/5/25,4,UxU_male-57
U XY,0.987978661,1/5/25,,UxU_male-58
U XY,0.971613081,1/5/25,,UxU_male-59
U XY,0.980772928,1/5/25,,UxU_male-60
U XY,0.998823979,1/5/25,,UxU_male-61
U XY,0.998368058,1/5/25,,UxU_male-62
U XY,0.76734142,1/5/25,,UxU_male-63
U XY,0.975154891,1/5/25,,UxU_male-64
U XY,0.969227806,1/5/25,,UxU_male-65
U XY,0.983580676,1/5/25,,UxU_male-66
U XY,0.824041636,1/5/25,,UxU_male-67
U XY,0.947750639,1/5/25,,UxU_male-68
U XY,0.952793243,1/5/25,,UxU_male-69
U XY,0.966676885,1/5/25,,UxU_male-70
U XY,0.999529412,1/5/25,,UxU_male-71
U XY,0.941694575,1/5/25,,UxU_male-73
U XY,0.986453388,1/5/25,,UxU_male-74
U XY,0.975196618,1/5/25,,UxU_male-76
U XY,0.998513877,1/5/25,,UxU_male-77
U XY,0.964990896,1/7/25,4,UxU_male-78
U XY,0.987126229,1/7/25,,UxU_male-79
U XY,0.86839782,1/7/25,,UxU_male-80
U XY,0.98432063,1/7/25,,UxU_male-81
U XY,0.956207408,1/7/25,,UxU_male-82
U XY,0.941958388,1/7/25,,UxU_male-83
U XY,0.979834357,1/7/25,,UxU_male-84
U XY,0.993202678,1/7/25,,UxU_male-85
U XY,0.94612536,1/7/25,,UxU_male-86
U XY,0.986986756,1/7/25,,UxU_male-87
U XY,0.951979582,1/7/25,,UxU_male-88
U XY,0.978668295,1/7/25,,UxU_male-90
U XY,0.998796232,1/7/25,,UxU_male-91
U XY,0.935608921,1/7/25,,UxU_male-92
U XY,0.944766267,1/8/25,1,UxU_male-94
U XY,0.816477267,1/9/25,1,UxU_male-95
U XY,0.888276664,1/10/25,3,UxU_male-96
U XY,0.92897258,1/10/25,,UxU_male-97
U XY,0.97826708,1/10/25,,UxU_male-98
U XY,0.955528724,1/10/25,,UxU_male-99
U XY,0.976053252,1/10/25,,UxU_male-100
U XY,0.784035454,1/10/25,,UxU_male-101
U XY,0.99500857,1/10/25,,UxU_male-102
U XY,0.998806323,1/10/25,,UxU_male-103
U XY,0.973370577,1/10/25,,UxU_male-104
U XY,0.825131854,1/10/25,,UxU_male-105
U XY,0.899510099,1/10/25,,UxU_male-106
U XY,0.982975302,1/10/25,,UxU_male-107
U XY,0.945284717,1/10/25,,UxU_male-108
U XY,0.839199219,1/10/25,,UxU_male-109
U XY,0.910597198,1/13/25,5,UxU_male-110
U XY,0.572477155,1/13/25,,UxU_male-111
U XY,0.784099871,1/13/25,,UxU_male-112
U XY,0.933013636,1/13/25,,UxU_male-113
U XY,0.972597904,1/13/25,,UxU_male-114
U XY,0.971141882,1/13/25,,UxU_male-115
U XY,0.890670187,1/13/25,,UxU_male-116
U XY,0.967886094,1/13/25,,UxU_male-117
U XY,0.992130484,1/13/25,,UxU_male-118
U XY,0.949539865,1/13/25,,UxU_male-119
U XY,0.959083156,1/13/25,,UxU_male-121
U XY,0.660708009,1/13/25,,UxU_male-122
U XY,0.981815017,1/13/25,,UxU_male-123
U XY,0.980489601,1/13/25,,UxU_male-124
U XY,0.995057325,1/13/25,,UxU_male-125
U XY,0.730614552,1/13/25,,UxU_male-126
U XY,0.841887304,1/13/25,,UxU_male-127
U XY,0.873851655,1/13/25,,UxU_male-128
U XY,0.934762921,1/13/25,,UxU_male-129
U XY,0.954254231,1/13/25,,UxU_male-130
CI XY,0.974260091,12/7/24,3,CI_male-1
CI XY,0.945155762,12/7/24,,CI_male-2
CI XY,0.903121074,12/7/24,,CI_male-3
CI XY,0.812129791,12/7/24,,CI_male-4
CI XY,0.986180879,12/7/24,,CI_male-5
CI XY,0.975684835,12/7/24,,CI_male-6
CI XY,0.960293513,12/7/24,,CI_male-8
CI XY,0.987240925,12/7/24,,CI_male-9
CI XY,0.890782308,12/8/24,2,CI_male-10
CI XY,0.979546345,12/8/24,,CI_male-12
CI XY,0.956712439,12/9/24,5,CI_male-13
CI XY,0.963986221,12/9/24,,CI_male-14
CI XY,0.942271974,12/9/24,,CI_male-15
CI XY,1,12/9/24,,CI_male-16
CI XY,0.997269181,12/9/24,,CI_male-17
CI XY,0.964057516,12/9/24,,CI_male-18
CI XY,0.988092491,12/9/24,,CI_male-19
CI XY,0.998778473,12/9/24,,CI_male-22
CI XY,0.999339247,12/9/24,,CI_male-23
CI XY,0.958596646,12/9/24,,CI_male-24
CI XY,0.947477179,12/9/24,,CI_male-25
CI XY,0.903228396,12/9/24,,CI_male-26
CI XY,0.936779479,12/9/24,,CI_male-27
CI XY,0.974572029,12/9/24,,CI_male-28
CI XY,0.99983943,12/9/24,,CI_male-29
CI XY,0.997133608,12/9/24,,CI_male-30
CI XY,0.969109612,12/9/24,,CI_male-31
CI XY,1,12/9/24,,CI_male-33
CI XY,0.949566036,12/9/24,,CI_male-34
CI XY,0.89699115,12/9/24,,CI_male-35
CI XY,0.999969953,12/20/24,4,CI_male-37
CI XY,0.996756237,12/20/24,,CI_male-38
CI XY,0.974176707,12/20/24,,CI_male-39
CI XY,0.997497548,12/20/24,,CI_male-40
CI XY,0.983266844,12/20/24,,CI_male-42
CI XY,0.970620937,12/20/24,,CI_male-43
CI XY,0.934910055,12/20/24,,CI_male-45
CI XY,0.816591343,12/22/24,2,CI_male-46
CI XY,0.963866333,12/22/24,,CI_male-47
CI XY,0.938372455,12/22/24,,CI_male-48
CI XY,0.962756613,12/22/24,,CI_male-49
CI XY,0.898740554,12/22/24,,CI_male-50
CI XY,0.797993405,12/23/24,2,CI_male-51
CI XY,0.989186199,12/23/24,,CI_male-52
CI XY,0.95722167,12/23/24,,CI_male-53
CI XY,0.98356608,12/23/24,,CI_male-54
CI XY,0.953464397,12/23/24,,CI_male-55
CI XY,0.962460698,12/23/24,,CI_male-56
CI XY,0.99505194,12/23/24,,CI_male-57
CI XY,0.994214568,12/23/24,,CI_male-58
CI XY,0.621181346,1/8/24,1,CI_male-59
CI XY,0.977134823,1/8/24,,CI_male-60
CI XY,0.999599218,1/8/24,,CI_male-61
CI XY,0.878216444,1/8/24,,CI_male-62
CI XY,0.867857881,1/8/24,,CI_male-63
CI XY,0.870414065,1/9/24,1,CI_male-64
U XO,0.014200351,12/20/24,,UxU_male-8
U XO,0.031626307,12/20/24,,UxU_male-15
U XO,0.019180646,12/21/24,,UxU_male-20
U XO,0.091347564,12/21/24,,UxU_male-23
U XO,0.020855811,12/22/24,,UxU_male-31
U XO,0.033742681,12/22/24,,UxU_male-32
U XO,0.019595233,12/22/24,,UxU_male-34
U XO,0.072285651,12/23/24,,UxU_male-42
U XO,0.007856103,1/5/24,,UxU_male-72
U XO,0.006413018,1/5/24,,UxU_male-75
U XO,0.020335243,1/7/24,,UxU_male-89
U XO,0.028634495,1/7/24,,UxU_male-93
U XO,0.021737368,1/13/24,,UxU_male-120
CI XO,0.01648739,12/7/24,,CI_male-7
CI XO,0.022752899,12/8/24,,CI_male-11
CI XO,0.031188139,12/9/24,,CI_male-20
CI XO,0.000390789,12/9/24,,CI_male-21
CI XO,0.016285593,12/20/24,,CI_male-32
CI XO,0.053090599,12/20/24,,CI_male-36
CI XO,0.0959332,12/20/24,,CI_male-41
CI XO,0.046488393,1/8/24,,CI_male-44
U_w1118,0.988995729,12/20/24,5,UxU female-1
U_w1118,0.976216586,12/20/24,,UxU female-2
U_w1118,0.991433219,12/20/24,,UxU female-3
U_w1118,0.995383241,12/20/24,,UxU female-4
U_w1118,0.901913997,12/20/24,,UxU female-5
U_w1118,0.996363005,12/20/24,,UxU female-6
U_w1118,0.957752012,12/20/24,,UxU female-7
U_w1118,0.998364849,12/20/24,,UxU female-8
U_w1118,0.950325864,12/20/24,,UxU female-9
U_w1118,0.973441553,12/20/24,,UxU female-10
U_w1118,0.976594359,12/20/24,,UxU female-11
U_w1118,0.997730871,12/20/24,,UxU female-12
U_w1118,0.951477497,12/20/24,,UxU female-13
U_w1118,0.981599135,12/20/24,,UxU female-14
U_w1118,0.982902808,12/20/24,,UxU female-15
U_w1118,0.824553612,12/20/24,,UxU female-16
U_w1118,0.967383761,12/20/24,,UxU female-17
U_w1118,0.750155275,12/20/24,,UxU female-18
U_w1118,0.986143444,12/20/24,,UxU female-19
U_w1118,0.990601827,12/20/24,,UxU female-20
U_w1118,0.836114055,12/20/24,,UxU female-21
U_w1118,0.980659818,12/20/24,,UxU female-22
U_w1118,0.992483611,12/20/24,,UxU female-23
U_w1118,0.998706574,12/20/24,,UxU female-24
U_w1118,0.961481543,12/20/24,,UxU female-25
U_w1118,0.999155371,12/20/24,,UxU female-26
U_w1118,0.986271451,12/20/24,,UxU female-27
U_w1118,0.918958876,12/21/24,3,UxU female-28
U_w1118,0.878895103,12/21/24,,UxU female-29
U_w1118,0.959298937,12/21/24,,UxU female-30
U_w1118,0.84670262,12/21/24,,UxU female-31
U_w1118,0.860521553,12/21/24,,UxU female-32
U_w1118,0.991911336,12/21/24,,UxU female-33
U_w1118,0.900672233,12/21/24,,UxU female-34
U_w1118,0.983223188,12/21/24,,UxU female-35
U_w1118,0.98443658,12/21/24,,UxU female-36
U_w1118,0.904136341,12/21/24,,UxU female-37
U_w1118,0.937488031,12/21/24,,UxU female-38
U_w1118,0.939410891,12/21/24,,UxU female-39
U_w1118,0.947866013,12/21/24,,UxU female-40
U_w1118,0.970558489,12/21/24,,UxU female-41
U_w1118,0.926425308,12/21/24,,UxU female-42
U_w1118,0.947961102,12/21/24,,UxU female-43
U_w1118,0.956683342,12/21/24,,UxU female-44
U_w1118,0.964440782,12/21/24,,UxU female-45
U_w1118,0.869441369,12/21/24,,UxU female-46
U_w1118,0.921250091,12/21/24,,UxU female-47
U_w1118,0.96930646,12/21/24,,UxU female-48
U_w1118,0.987670559,12/21/24,,UxU female-49
U_w1118,0.913649957,12/21/24,,UxU female-50
U_w1118,0.822565053,12/21/24,,UxU female-51
U_w1118,0.995646592,12/21/24,,UxU female-52
U_w1118,0.94458641,12/21/24,,UxU female-53
U_w1118,0.992101438,12/22/24,,UxU female-54
U_w1118,0.982013253,12/22/24,3,UxU female-55
U_w1118,0.726871712,12/22/24,,UxU female-56
U_w1118,0.932318614,12/22/24,,UxU female-57
U_w1118,0.973318032,12/22/24,,UxU female-58
U_w1118,0.988240379,12/22/24,,UxU female-59
U_w1118,0.98298716,12/22/24,,UxU female-60
U_w1118,0.911390873,12/22/24,,UxU female-61
U_w1118,0.951601559,12/22/24,,UxU female-62
U_w1118,0.82892182,12/22/24,,UxU female-63
U_w1118,0.979150041,12/22/24,,UxU female-64
U_w1118,0.879475459,12/22/24,,UxU female-65
U_w1118,0.987400379,12/22/24,,UxU female-66
U_w1118,0.991170707,12/22/24,,UxU female-67
U_w1118,0.955688635,12/22/24,,UxU female-68
U_w1118,0.992607534,12/22/24,,UxU female-69
U_w1118,0.980330631,12/22/24,,UxU female-70
U_w1118,0.959068795,12/22/24,,UxU female-71
U_w1118,0.956256639,12/22/24,,UxU female-72
U_w1118,0.840313163,1/4/25,4,UxU female-73
U_w1118,0.975436263,1/4/25,,UxU female-74
U_w1118,0.778931138,1/4/25,,UxU female-75
U_w1118,0.882574845,1/4/25,,UxU female-76
U_w1118,0.869674286,1/4/25,,UxU female-77
U_w1118,0.972333337,1/4/25,,UxU female-78
U_w1118,0.992861732,1/4/25,,UxU female-79
U_w1118,0.824362237,1/4/25,,UxU female-80
U_w1118,0.979996331,1/4/25,,UxU female-81
U_w1118,1,1/4/25,,UxU female-82
U_w1118,0.994065821,1/4/25,,UxU female-83
U_w1118,0.851019479,1/4/25,,UxU female-84
U_w1118,0.916259181,1/4/25,,UxU female-85
U_w1118,0.977138784,1/4/25,,UxU female-86
U_w1118,0.87746459,1/4/25,,UxU female-87
U_w1118,0.925469049,1/4/25,,UxU female-88
U_w1118,0.935114007,1/4/25,,UxU female-89
U_w1118,0.899121783,1/4/25,,UxU female-90
U_w1118,0.889533306,1/4/25,,UxU female-91
U_w1118,0.995893945,1/4/25,,UxU female-92
U_w1118,0.968128409,1/4/25,,UxU female-93
U_w1118,0.952747694,1/4/25,,UxU female-94
U_w1118,0.917748078,1/4/25,,UxU female-95
U_w1118,0.993940067,1/4/25,,UxU female-96
U_w1118,0.937413214,1/4/25,,UxU female-97
U_w1118,0.911423005,1/4/25,,UxU female-98
U_w1118,0.981865728,1/4/25,,UxU female-99
U_w1118,0.990743565,1/4/25,,UxU female-100
U_w1118,0.975963404,1/4/25,,UxU female-101
U_w1118,0.971708006,1/4/25,,UxU female-102
U_w1118,0.976924514,1/4/25,,UxU female-103
U_w1118,0.921987031,1/4/25,,UxU female-104
U_w1118,0.861308022,1/4/25,,UxU female-105
U_w1118,0.955807129,1/4/25,,UxU female-106
U_w1118,0.823298921,1/4/25,,UxU female-107
U_w1118,0.974998741,1/7/25,7,UxU female-108
U_w1118,0.999566016,1/7/25,,UxU female-109
U_w1118,0.96256051,1/7/25,,UxU female-110
U_w1118,0.935164603,1/7/25,,UxU female-111
U_w1118,0.980027426,1/7/25,,UxU female-112
U_w1118,0.972239208,1/7/25,,UxU female-113
U_w1118,0.9424796,1/7/25,,UxU female-114
U_w1118,0.989755166,1/7/25,,UxU female-115
U_w1118,0.95994584,1/7/25,,UxU female-116
U_w1118,0.986816865,1/7/25,,UxU female-117
U_w1118,0.975392289,1/7/25,,UxU female-118
U_w1118,0.85890783,1/7/25,,UxU female-119
U_w1118,0.928819971,1/7/25,,UxU female-120
U_w1118,0.973000142,1/7/25,,UxU female-121
U_w1118,0.961588309,1/7/25,,UxU female-122
U_w1118,0.933233819,1/7/25,,UxU female-123
U_w1118,0.955307488,1/7/25,,UxU female-124
U_w1118,0.935389578,1/7/25,,UxU female-125
U_w1118,0.824257789,1/7/25,,UxU female-126
U_w1118,0.984367821,1/7/25,,UxU female-127
U_w1118,0.923876987,1/7/25,,UxU female-128
U_w1118,0.956182103,1/7/25,,UxU female-129
U_w1118,0.95248816,1/7/25,,UxU female-130
U_w1118,0.927953198,1/7/25,,UxU female-131
U_w1118,0.99165343,1/7/25,,UxU female-132
U_w1118,0.992785777,1/7/25,,UxU female-133
U_w1118,0.958052004,1/7/25,,UxU female-134
U_w1118,0.980434717,1/7/25,,UxU female-135
U_w1118,0.98668657,1/7/25,,UxU female-136
U_w1118,0.989150401,1/7/25,,UxU female-137
U_w1118,0.964584214,1/7/25,,UxU female-138
U_w1118,0.817766691,1/7/25,,UxU female-139
U_w1118,0.942974544,1/7/25,,UxU female-140
U_w1118,0.940525208,1/7/25,,UxU female-141
U_w1118,0.984968371,1/7/25,,UxU female-142
U_w1118,0.942381781,1/7/25,,UxU female-143
U_w1118,0.851950801,1/7/25,,UxU female-144
U_w1118,0.967861331,1/7/25,,UxU female-145
U_w1118,0.987279234,1/7/25,,UxU female-146
U_w1118,0.969435862,1/7/25,,UxU female-147
U_w1118,0.944220295,1/7/25,,UxU female-148
U_w1118,0.948904733,1/7/25,,UxU female-149
U_w1118,0.976698171,1/7/25,,UxU female-150
U_w1118,0.986000505,1/7/25,,UxU female-151
U_w1118,0.971213378,1/8/25,2,UxU female-152
U_w1118,0.989822708,1/8/25,,UxU female-153
U_w1118,0.462569325,1/8/25,,UxU female-154
U_w1118,0.986687029,1/8/25,,UxU female-155
U_w1118,0.528791143,1/8/25,,UxU female-156
U_w1118,0.405184562,1/8/25,,UxU female-157
U_w1118,0.523946734,1/8/25,,UxU female-158
U_w1118,0.980057066,1/8/25,,UxU female-159
U_w1118,0.893706322,1/8/25,,UxU female-160
U_w1118,0.990239324,1/8/25,,UxU female-161
U_w1118,0.379115065,1/8/25,,UxU female-162
U_w1118,0.828332909,1/8/25,,UxU female-163
U_w1118,0.960957913,1/8/25,,UxU female-164
U_w1118,0.965003808,1/8/25,,UxU female-165
U_w1118,0.976072508,1/8/25,,UxU female-166
U_w1118,0.490579573,1/8/25,,UxU female-167
U_w1118,0.959358127,1/8/25,,UxU female-168
U_w1118,0.97593994,1/8/25,,UxU female-169
U_w1118,0.812585872,1/8/25,,UxU female-170
U_w1118,0.476497037,1/8/25,,UxU female-171
U_w1118,0.990667081,1/9/25,3,UxU female-172
U_w1118,0.879355334,1/10/25,6,UxU female-173
U_w1118,0.964596144,1/10/25,,UxU female-174
U_w1118,0.988591184,1/10/25,,UxU female-175
U_w1118,0.986004184,1/10/25,,UxU female-176
U_w1118,0.966731999,1/10/25,,UxU female-177
U_w1118,0.933836122,1/10/25,,UxU female-178
U_w1118,0.976139864,1/10/25,,UxU female-179
U_w1118,0.881959595,1/10/25,,UxU female-180
U_w1118,0.981840895,1/10/25,,UxU female-181
U_w1118,0.797401555,1/10/25,,UxU female-182
U_w1118,0.963923514,1/10/25,,UxU female-183
U_w1118,0.993495804,1/10/25,,UxU female-184
U_w1118,0.991517323,1/10/25,,UxU female-185
U_w1118,0.968057066,1/10/25,,UxU female-186
U_w1118,0.732533639,1/10/25,,UxU female-187
U_w1118,0.885793958,1/10/25,,UxU female-188
U_w1118,0.981623976,1/10/25,,UxU female-189
U_w1118,0.979807344,1/10/25,,UxU female-190
U_w1118,0.833924161,1/10/25,,UxU female-191
U_w1118,0.954544526,1/10/25,,UxU female-192
U_w1118,0.949139692,1/10/25,,UxU female-193
U_w1118,0.990916557,1/10/25,,UxU female-194
U_w1118,0.92905573,1/10/25,,UxU female-195
U_w1118,0.973829905,1/10/25,,UxU female-196
U_w1118,0.944848959,1/10/25,,UxU female-197
U_w1118,0.966395768,1/10/25,,UxU female-198
U_w1118,0.972324969,1/10/25,,UxU female-199
U_w1118,0.883505579,1/10/25,,UxU female-200
U_w1118,0.691070184,1/10/25,,UxU female-201
U_w1118,0.9717468,1/10/25,,UxU female-202
U_w1118,0.79816026,1/10/25,,UxU female-203
U_w1118,0.871828632,1/10/25,,UxU female-204
CI_w1118,0.965213531,12/10/24,5,CI female-1
CI_w1118,0.874355761,12/10/24,,CI female-2
CI_w1118,0.924101947,12/10/24,,CI female-3
CI_w1118,0.816631428,12/10/24,,CI female-4
CI_w1118,0.997205182,12/10/24,,CI female-5
CI_w1118,0.965615012,12/10/24,,CI female-6
CI_w1118,0.996221485,12/10/24,,CI female-7
CI_w1118,0.984280823,12/10/24,,CI female-8
CI_w1118,0.951591111,12/10/24,,CI female-9
CI_w1118,0.999969947,12/10/24,,CI female-10
CI_w1118,0.981528406,12/10/24,,CI female-11
CI_w1118,0.987827462,12/10/24,,CI female-12
CI_w1118,0.992437212,12/10/24,,CI female-13
CI_w1118,0.956519998,12/10/24,,CI female-14
CI_w1118,0.83295309,12/10/24,,CI female-15
CI_w1118,0.98263683,12/10/24,,CI female-16
CI_w1118,0.998833878,12/10/24,,CI female-17
CI_w1118,0.948789122,12/10/24,,CI female-18
CI_w1118,0.990287065,12/10/24,,CI female-19
CI_w1118,0.953197363,12/10/24,,CI female-20
CI_w1118,0.983477893,12/10/24,,CI female-21
CI_w1118,0.986156466,12/10/24,,CI female-22
CI_w1118,0.835423637,12/10/24,,CI female-23
CI_w1118,1,12/10/24,,CI female-24
CI_w1118,0.980466035,12/10/24,,CI female-25
CI_w1118,0.829226269,12/10/24,,CI female-26
CI_w1118,0.995392122,12/10/24,,CI female-27
CI_w1118,0.998648799,12/10/24,,CI female-28
CI_w1118,0.998129224,12/10/24,,CI female-29
CI_w1118,0.995406407,12/10/24,,CI female-30
CI_w1118,0.996699008,12/10/24,,CI female-31
CI_w1118,0.966484186,12/10/24,,CI female-32
CI_w1118,0.83208063,12/10/24,,CI female-33
CI_w1118,0.84245725,12/10/24,,CI female-34
CI_w1118,0.991982826,12/20/24,3,CI female-35
CI_w1118,0.971597264,12/20/24,,CI female-36
CI_w1118,0.842910306,12/20/24,,CI female-37
CI_w1118,0.982220514,12/20/24,,CI female-38
CI_w1118,0.998742859,12/20/24,,CI female-39
CI_w1118,0.993480846,12/20/24,,CI female-40
CI_w1118,0.891921662,12/20/24,,CI female-41
CI_w1118,0.987831724,12/20/24,,CI female-42
CI_w1118,0.993643121,12/20/24,,CI female-43
CI_w1118,0.952399665,12/20/24,,CI female-44
CI_w1118,0.82611755,12/20/24,,CI female-45
CI_w1118,0.984819219,12/20/24,,CI female-46
CI_w1118,0.790154524,12/20/24,,CI female-47
CI_w1118,0.992902449,12/21/24,3,CI female-48
CI_w1118,0.936182399,12/21/24,,CI female-49
CI_w1118,0.977003372,12/21/24,,CI female-50
CI_w1118,0.943143948,12/21/24,,CI female-51
CI_w1118,0.989431075,12/21/24,,CI female-52
CI_w1118,0.845838041,12/21/24,,CI female-53
CI_w1118,0.932259472,12/21/24,,CI female-54
CI_w1118,0.928469197,12/21/24,,CI female-55
CI_w1118,0.926831468,12/21/24,,CI female-56
CI_w1118,0.887208773,12/21/24,,CI female-57
CI_w1118,0.96683502,12/21/24,,CI female-58
CI_w1118,0.93515655,12/21/24,,CI female-59
CI_w1118,0.944426027,12/21/24,,CI female-60
CI_w1118,0.971493392,12/21/24,,CI female-61
CI_w1118,0.820886076,12/23/24,7,CI female-62
CI_w1118,0.858652935,12/23/24,,CI female-63
CI_w1118,0.832356259,12/23/24,,CI female-64
CI_w1118,0.815201766,12/23/24,,CI female-65
CI_w1118,0.986120477,12/23/24,,CI female-66
CI_w1118,0.907668536,12/23/24,,CI female-67
CI_w1118,0.97472648,12/23/24,,CI female-68
CI_w1118,0.989908785,12/23/24,,CI female-69
CI_w1118,0.988302621,12/23/24,,CI female-70
CI_w1118,0.941143498,12/23/24,,CI female-71
CI_w1118,0.877778112,12/23/24,,CI female-72
CI_w1118,0.969218291,12/23/24,,CI female-73
CI_w1118,0.999156381,12/23/24,,CI female-74
CI_w1118,0.788124197,12/23/24,,CI female-75
CI_w1118,0.826987548,12/23/24,,CI female-76
CI_w1118,0.988638871,12/23/24,,CI female-77
CI_w1118,0.897377353,12/23/24,,CI female-78
CI_w1118,0.963600271,12/23/24,,CI female-79
CI_w1118,0.991745472,12/23/24,,CI female-80
CI_w1118,0.960721251,12/23/24,,CI female-81
CI_w1118,0.998902729,12/23/24,,CI female-82
CI_w1118,0.904957974,12/23/24,,CI female-83
CI_w1118,0.969039276,12/23/24,,CI female-84
CI_w1118,0.994680904,12/23/24,,CI female-85
CI_w1118,0.894805788,12/23/24,,CI female-86
CI_w1118,0.993643529,12/23/24,,CI female-87
CI_w1118,0.663906302,12/23/24,,CI female-88
CI_w1118,0.998356689,12/23/24,,CI female-89
CI_w1118,0.554115724,12/23/24,,CI female-90
CI_w1118,0.978737824,12/23/24,,CI female-91
CI_w1118,0.999909041,12/23/24,,CI female-92
CI_w1118,0.929050167,12/23/24,,CI female-93
CI_w1118,0.84144545,1/4/25,1,CI female-94
CI_w1118,0.923198661,1/4/25,,CI female-95
CI_w1118,0.896727646,1/4/25,,CI female-96
CI_w1118,0.895676882,1/4/25,,CI female-97
CI_w1118,0.999228805,1/4/25,,CI female-98
CI_w1118,0.895915292,1/5/25,2,CI female-99
CI_w1118,0.987635208,1/5/25,,CI female-100
CI_w1118,0.851498473,1/5/25,,CI female-101
CI_w1118,0.628040418,1/5/25,,CI female-102
CI_w1118,0.987267676,1/5/25,,CI female-103
CI_w1118,0.913394042,1/5/25,,CI female-104
CI_w1118,0.9363189,1/5/25,,CI female-105
CI_w1118,0.84878925,1/5/25,,CI female-106
CI_w1118,0.780204778,1/5/25,,CI female-107
CI_w1118,0.744773835,1/5/25,,CI female-108
CI_w1118,0.957942557,1/5/25,,CI female-109
CI_w1118,0.848986099,1/5/25,,CI female-110
CI_w1118,0.916547325,1/5/25,,CI female-111
CI_w1118,0.990289884,1/10/25,3,CI female-112
CI_w1118,0.900795005,1/10/25,,CI female-113
CI_w1118,0.861805939,1/10/25,,CI female-114
CI_w1118,0.996394973,1/10/25,,CI female-115
CI_w1118,0.857491955,1/10/25,,CI female-116
CI_w1118,0.885352847,1/10/25,,CI female-117
CI_w1118,0.849079396,1/10/25,,CI female-118
CI_w1118,0.974677926,1/10/25,,CI female-119
CI_w1118,0.977099316,1/10/25,,CI female-120
CI_w1118,0.809055554,1/10/25,,CI female-121
CI_w1118,0.982119158,1/10/25,,CI female-122
CI_w1118,0.874167335,1/10/25,,CI female-123
CI_w1118,0.804387824,1/10/25,,CI female-124
CI_w1118,0.719856219,1/10/25,,CI female-125
UI_yw,0.869180752,2/11/25,,UBW-yw-1
UI_yw,0.927749882,2/11/25,,UBW-yw-2
UI_yw,0.919993574,2/11/25,,UBW-yw-3
UI_yw,0.827655657,2/11/25,,UBW-yw-4
UI_yw,0.931238725,2/11/25,,UBW-yw-5
UI_yw,0.914282853,2/11/25,,UBW-yw-6
UI_yw,0.674525054,2/11/25,,UBW-yw-7
UI_yw,0.950769801,2/11/25,,UBW-yw-8
UI_yw,0.74664237,2/11/25,,UBW-yw-9
UI_yw,0.947507014,2/11/25,,UBW-yw-10
UI_yw,0.590282698,2/11/25,,UBW-yw-11
UI_yw,0.668181136,2/11/25,,UBW-yw-12
UI_yw,0.809081746,2/11/25,,UBW-yw-13
UI_yw,0.96486614,2/11/25,,UBW-yw-14
UI_yw,0.55738424,2/12/25,,UBW-yw-15
UI_yw,0.984643815,2/12/25,,UBW-yw-16
UI_yw,0.972236406,2/12/25,,UBW-yw-17
UI_yw,0.668775783,2/12/25,,UBW-yw-18
UI_yw,0.924983255,2/12/25,,UBW-yw-19
UI_yw,0.99962977,2/12/25,,UBW-yw-20
UI_yw,0.684781739,2/12/25,,UBW-yw-21
UI_yw,0.959957337,2/12/25,,UBW-yw-22
UI_yw,0.465022976,2/24/25,,UBW-yw-23
UI_yw,0.956059149,2/24/25,,UBW-yw-24
UI_yw,0.823643624,2/24/25,,UBW-yw-25
UI_yw,0.787781961,2/24/25,,UBW-yw-26
UI_yw,0.695605584,2/24/25,,UBW-yw-27
UI_yw,0.876752296,2/24/25,,UBW-yw-28
UI_yw,0.828786247,2/24/25,,UBW-yw-29
UI_yw,0.708427006,2/24/25,,UBW-yw-30
UI_yw,0.794584834,2/24/25,,UBW-yw-31
UI_yw,0.69117134,2/24/25,,UBW-yw-32
UI_yw,0.494109035,2/24/25,,UBW-yw-33
UI_yw,0.777900106,2/24/25,,UBW-yw-34
UI_yw,0.851486723,2/24/25,,UBW-yw-35
UI_yw,0.886071297,2/24/25,,UBW-yw-36
UI_yw,0.774189676,2/24/25,,UBW-yw-37
UI_yw,0.648514703,2/24/25,,UBW-yw-38
UI_yw,0.867361349,2/24/25,,UBW-yw-39
UI_yw,0.838631422,2/24/25,,UBW-yw-40
UI_yw,0.996713535,2/24/25,,UBW-yw-41
UI_yw,0.19828154,2/24/25,,UBW-yw-42
UI_yw,0.767929696,2/24/25,,UBW-yw-43
UI_yw,0.87791233,2/24/25,,UBW-yw-44
UI_yw,0.803211833,2/24/25,,UBW-yw-45
UI_yw,0.891938945,2/24/25,,UBW-yw-46
UI_yw,0.802041985,2/24/25,,UBW-yw-47
UI_yw,0.722164819,2/24/25,,UBW-yw-48
UI_yw,0.831738796,2/24/25,,UBW-yw-49
UI_yw,0.915044372,2/24/25,,UBW-yw-50
UI_yw,0.79100885,2/24/25,,UBW-yw-51
UI_yw,0.873755126,2/24/25,,UBW-yw-52
UI_yw,0.617722027,2/24/25,,UBW-yw-53
UI_yw,0.959311502,2/24/25,,UBW-yw-54
UI_yw,0.8916031,2/24/25,,UBW-yw-55
UI_yw,0.725292997,2/24/25,,UBW-yw-56
UI_yw,0.487667329,2/24/25,,UBW-yw-57
UI_yw,0.896470565,2/24/25,,UBW-yw-58
UI_yw,0.516219859,2/24/25,,UBW-yw-59
UI_yw,0.757898962,2/24/25,,UBW-yw-60
UI_yw,0.752536493,2/24/25,,UBW-yw-61
UI_yw,0.829428924,2/24/25,,UBW-yw-62
UI_yw,0.985183684,2/24/25,,UBW-yw-63
UI_yw,0.598067362,2/24/25,,UBW-yw-64
UI_yw,0.92877116,2/24/25,,UBW-yw-65
UI_yw,0.790446873,2/24/25,,UBW-yw-66
UI_yw,0.878916489,2/24/25,,UBW-yw-67
UI_yw,0.808167416,2/24/25,,UBW-yw-68
UI_yw,0.660898134,2/24/25,,UBW-yw-69
UI_yw,0.4281008,2/24/25,,UBW-yw-70
UI_yw,0.753007988,2/24/25,,UBW-yw-71
UI_yw,0.871768157,2/24/25,,UBW-yw-72
UI_yw,0.673408661,2/24/25,,UBW-yw-73
UI_yw,0.924008048,2/24/25,,UBW-yw-74
UI_yw,0.924386259,2/24/25,,UBW-yw-75
UI_yw,0.753119811,2/24/25,,UBW-yw-76
UI_yw,0.947674942,2/24/25,,UBW-yw-77
UI_yw,0.756392606,2/24/25,,UBW-yw-78
UI_yw,0.838298256,2/24/25,,UBW-yw-79
UI_yw,0.975107945,2/24/25,,UBW-yw-80
UI_yw,0.928377953,2/24/25,,UBW-yw-81
UI_yw,0.786578041,2/24/25,,UBW-yw-82
UI_yw,0.617043703,2/24/25,,UBW-yw-83
UI_yw,0.962174797,2/24/25,,UBW-yw-84
UI_yw,0.789868781,2/24/25,,UBW-yw-85
UI_yw,0.797429438,2/24/25,,UBW-yw-86
UI_yw,0.640908955,2/24/25,,UBW-yw-87
UI_yw,0.767897724,2/24/25,,UBW-yw-88
UI_yw,0.838543863,2/24/25,,UBW-yw-89
UI_yw,0.988913904,2/24/25,,UBW-yw-90
UI_yw,0.810193268,2/25/25,,UBW-yw-91
UI_yw,0.912646832,2/25/25,,UBW-yw-92
UI_yw,0.518852451,2/25/25,,UBW-yw-93
UI_yw,0.963075912,2/25/25,,UBW-yw-94
UI_yw,0.56555498,2/25/25,,UBW-yw-95
UI_yw,0.796859587,2/25/25,,UBW-yw-96
UI_yw,0.914520059,2/25/25,,UBW-yw-97
UI_yw,0.558217098,2/25/25,,UBW-yw-98
UI_yw,0.989194489,2/25/25,,UBW-yw-99
UI_yw,0.887152882,2/25/25,,UBW-yw-100
UI_yw,0.399530986,2/25/25,,UBW-yw-101
UI_yw,0.506112662,2/25/25,,UBW-yw-102
UI_yw,0.952766161,2/25/25,,UBW-yw-103
UI_yw,0.690775944,2/25/25,,UBW-yw-104
UI_yw,0.93931682,2/25/25,,UBW-yw-105
UI_yw,0.706870517,2/25/25,,UBW-yw-106
UI_yw,0.810659467,2/25/25,,UBW-yw-107
UI_yw,0.961692592,2/25/25,,UBW-yw-108
UI_yw,0.402099252,2/25/25,,UBW-yw-109
UI_yw,0.918642577,2/25/25,,UBW-yw-110
UI_yw,0.814307794,2/25/25,,UBW-yw-111
UI_yw,0.814873862,2/26/25,,UBW-yw-112
UI_yw,0.91734972,2/26/25,,UBW-yw-113
UI_yw,0.80942197,2/26/25,,UBW-yw-114
UI_yw,0.992652706,2/26/25,,UBW-yw-115
UI_yw,0.836667496,2/26/25,,UBW-yw-116
UI_yw,0.618532957,2/26/25,,UBW-yw-117
UI_yw,0.91842575,2/26/25,,UBW-yw-118
UI_yw,0.743790706,2/26/25,,UBW-yw-119
UI_yw,0.861209571,2/26/25,,UBW-yw-120
UI_yw,0.792854861,2/26/25,,UBW-yw-121
UI_yw,0.836099461,2/26/25,,UBW-yw-122
UI_yw,0.937880292,2/26/25,,UBW-yw-123
UI_yw,0.797186588,2/26/25,,UBW-yw-124
UI_yw,0.738252746,2/26/25,,UBW-yw-125
UI_yw,0.740387308,2/26/25,,UBW-yw-126
UI_yw,0.634516045,2/26/25,,UBW-yw-127
UI_yw,0.935796007,2/27/25,,UBW-yw-128
UI_yw,0.980354175,2/27/25,,UBW-yw-129
UI_yw,0.722596173,2/27/25,,UBW-yw-130
UI_yw,0.842800925,2/27/25,,UBW-yw-131
UI_yw,0.643638457,2/27/25,,UBW-yw-132
UI_yw,0.776136192,2/27/25,,UBW-yw-133
UI_yw,0.834791235,2/27/25,,UBW-yw-134
UI_yw,0.930058025,2/27/25,,UBW-yw-135
UI_yw,0.783805111,2/27/25,,UBW-yw-136
II_yw,0.881533241,2/17/25,,IAW-yw-1
II_yw,0.950857093,2/17/25,,IAW-yw-2
II_yw,0.891167924,2/17/25,,IAW-yw-3
II_yw,0.980981675,2/17/25,,IAW-yw-4
II_yw,0.848454727,2/17/25,,IAW-yw-5
II_yw,0.642792017,2/17/25,,IAW-yw-6
II_yw,0.938688094,2/17/25,,IAW-yw-7
II_yw,0.684213146,2/17/25,,IAW-yw-8
II_yw,0.798368507,2/17/25,,IAW-yw-9
II_yw,0.972041536,2/17/25,,IAW-yw-10
II_yw,0.748619902,2/17/25,,IAW-yw-11
II_yw,0.650443225,2/17/25,,IAW-yw-12
II_yw,0.94418893,2/17/25,,IAW-yw-13
II_yw,0.497855124,2/17/25,,IAW-yw-14
II_yw,0.987979405,2/17/25,,IAW-yw-15
II_yw,0.960930186,2/17/25,,IAW-yw-16
II_yw,0.739691135,2/17/25,,IAW-yw-17
II_yw,0.834726753,2/17/25,,IAW-yw-18
II_yw,0.809500916,2/17/25,,IAW-yw-19
II_yw,0.830529364,2/17/25,,IAW-yw-20
II_yw,0.622794912,2/26/25,,IAW-yw-21
II_yw,0.351099873,2/26/25,,IAW-yw-22
II_yw,0.620387081,2/26/25,,IAW-yw-23
II_yw,0.417130703,2/26/25,,IAW-yw-24
II_yw,0.432377949,2/26/25,,IAW-yw-25
II_yw,0.59606697,2/26/25,,IAW-yw-26
II_yw,0.538734459,2/26/25,,IAW-yw-27
II_yw,0.48262134,2/26/25,,IAW-yw-28
II_yw,0.648872083,2/26/25,,IAW-yw-29
II_yw,0.685486447,2/28/25,,IAW-yw-30
II_yw,0.664849233,2/28/25,,IAW-yw-31
II_yw,0.640633859,2/28/25,,IAW-yw-32
II_yw,0.311906851,2/28/25,,IAW-yw-33
II_yw,0.566160764,2/28/25,,IAW-yw-34
II_yw,0.454010146,2/28/25,,IAW-yw-35
II_yw,0.777124842,2/28/25,,IAW-yw-36
II_yw,0.983393277,2/28/25,,IAW-yw-37
II_yw,0.470996425,2/28/25,,IAW-yw-38
II_yw,0.847038028,2/28/25,,IAW-yw-39
II_yw,0.133842668,2/28/25,,IAW-yw-40
II_yw,0.695599046,2/28/25,,IAW-yw-41
II_yw,0.725713241,2/28/25,,IAW-yw-42
II_yw,0.687453608,2/28/25,,IAW-yw-43
II_yw,0.809149196,2/28/25,,IAW-yw-44
II_yw,0.167001725,2/28/25,,IAW-yw-45
II_yw,0.889596113,2/28/25,,IAW-yw-46
II_yw,0.698127792,2/28/25,,IAW-yw-47
II_yw,0.943840489,2/28/25,,IAW-yw-48
II_yw,0.865537536,2/28/25,,IAW-yw-49
II_yw,0.58370225,2/28/25,,IAW-yw-50
II_yw,0.913105171,2/28/25,,IAW-yw-51
II_yw,0.404415605,2/28/25,,IAW-yw-52
II_yw,0.796190284,2/28/25,,IAW-yw-53
II_yw,0.922384895,2/28/25,,IAW-yw-54
II_yw,0.928732467,2/28/25,,IAW-yw-55
II_yw,0.513678184,2/28/25,,IAW-yw-56
II_yw,0.591092796,2/28/25,,IAW-yw-57
II_yw,0.900800936,2/28/25,,IAW-yw-58
II_yw,0.821972557,2/28/25,,IAW-yw-59
II_yw,0.374191927,2/28/25,,IAW-yw-60
II_yw,0.807733274,2/28/25,,IAW-yw-61
II_yw,0.758172628,2/28/25,,IAW-yw-62
II_yw,0.955320382,2/28/25,,IAW-yw-63
II_yw,0.632991571,2/28/25,,IAW-yw-64
II_yw,0.660769509,2/28/25,,IAW-yw-65
II_yw,0.612836932,2/28/25,,IAW-yw-66
II_yw,0.578259575,2/28/25,,IAW-yw-67
II_yw,0.888229007,2/28/25,,IAW-yw-68
II_yw,0.913422975,2/28/25,,IAW-yw-69
II_yw,0.689978225,2/28/25,,IAW-yw-70
II_yw,0.98190557,3/3/25,,IAW-yw-71
II_yw,0.959790439,3/3/25,,IAW-yw-72
II_yw,0.519926994,3/3/25,,IAW-yw-73
II_yw,0.96791985,3/3/25,,IAW-yw-74
II_yw,0.846338656,3/3/25,,IAW-yw-75
II_yw,0.890773351,3/3/25,,IAW-yw-76
II_yw,0.889071751,3/3/25,,IAW-yw-77
II_yw,0.956506464,3/3/25,,IAW-yw-78
II_yw,0.770656301,3/3/25,,IAW-yw-79
II_yw,0.957514445,3/3/25,,IAW-yw-80
II_yw,0.836767434,3/3/25,,IAW-yw-81
II_yw,0.836458469,3/3/25,,IAW-yw-82
II_yw,0.848783158,3/3/25,,IAW-yw-83
II_yw,0.69549428,3/3/25,,IAW-yw-84
II_yw,0.968492793,3/3/25,,IAW-yw-85
II_yw,0.982552393,3/3/25,,IAW-yw-86
II_yw,0.982883979,3/3/25,,IAW-yw-87
II_yw,0.158896694,3/3/25,,IAW-yw-88
II_yw,0.830647085,3/3/25,,IAW-yw-89
II_yw,0.932654588,3/3/25,,IAW-yw-90
II_yw,0.986212653,3/3/25,,IAW-yw-91
II_yw,0.786508726,3/3/25,,IAW-yw-92
II_yw,0.895687051,3/3/25,,IAW-yw-93
II_yw,0.974784951,3/3/25,,IAW-yw-94
II_yw,0.944583529,3/3/25,,IAW-yw-95
II_yw,0.963387555,3/3/25,,IAW-yw-96
II_yw,0.833916698,3/3/25,,IAW-yw-97
II_yw,0.726558244,3/3/25,,IAW-yw-98
II_yw,0.818328087,3/3/25,,IAW-yw-99
II_yw,0.841085938,3/3/25,,IAW-yw-100
II_yw,0.594337179,3/3/25,,IAW-yw-101
II_yw,0.433885627,3/3/25,,IAW-yw-102
II_yw,0.807262681,3/3/25,,IAW-yw-103
II_yw,0.967691615,3/3/25,,IAW-yw-104
II_yw,0.897908696,3/3/25,,IAW-yw-105
II_yw,0.996415627,3/3/25,,IAW-yw-106
II_yw,0.884583041,3/3/25,,IAW-yw-107
II_yw,0.908235982,3/3/25,,IAW-yw-108
II_yw,0.849960032,3/3/25,,IAW-yw-109
II_yw,0.96157462,3/3/25,,IAW-yw-110
II_yw,0.714311558,3/3/25,,IAW-yw-111
II_yw,0.85191078,3/3/25,,IAW-yw-112
II_yw,0.453073681,3/3/25,,IAW-yw-113
II_yw,0.242255079,3/3/25,,IAW-yw-114
II_yw,0.1933237,3/3/25,,IAW-yw-115
II_yw,0.153476586,3/3/25,,IAW-yw-116
II_yw,0.917076345,3/3/25,,IAW-yw-117
II_yw,0.985788439,3/3/25,,IAW-yw-118
II_yw,0.867129087,3/3/25,,IAW-yw-119
II_yw,0.57318127,3/3/25,,IAW-yw-120
II_yw,0.62914207,3/3/25,,IAW-yw-121
II_yw,0.865979485,3/3/25,,IAW-yw-122
II_yw,0.488913548,3/3/25,,IAW-yw-123
II_yw,0.841857396,3/3/25,,IAW-yw-124
II_yw,0.921035995,3/3/25,,IAW-yw-125
II_yw,0.943093746,3/3/25,,IAW-yw-126
II_yw,0.663027921,3/3/25,,IAW-yw-127
II_yw,0.753339906,3/3/25,,IAW-yw-128
II_yw,0.95825873,3/3/25,,IAW-yw-129
II_yw,0.997964402,3/3/25,,IAW-yw-130
II_yw,0.939411829,3/3/25,,IAW-yw-131
II_yw,0.942657819,3/3/25,,IAW-yw-132
II_yw,0.893327954,3/3/25,,IAW-yw-133
II_yw,0.851607815,3/3/25,,IAW-yw-134
II_yw,0.977164336,3/3/25,,IAW-yw-135
II_yw,0.594025937,3/3/25,,IAW-yw-136
II_yw,0.498231394,3/3/25,,IAW-yw-137
II_yw,0.926594754,3/3/25,,IAW-yw-138
II_yw,0.943193536,3/3/25,,IAW-yw-139