date,treatment,eggs,adults
18-Dec,CI,14,14
19-Dec,CI,35,20
19-Dec,CI,24,19
19-Dec,CI,18,8
19-Dec,CI,18,4
20-Dec,CI,35,15
20-Dec,CI,14,12
20-Dec,CI,31,16
20-Dec,CI,18,9
20-Dec,CI,27,21
20-Dec,CI,10,5
21-Dec,CI,22,12
25-Jan,CI,11,11
25-Jan,CI,15,9
26-Jan,CI,6,4
26-Jan,CI,5,5
26-Jan,CI,8,1
26-Jan,CI,8,6
27-Jan,CI,17,9
27-Jan,CI,9,8
27-Jan,CI,18,14
30-Jan,CI,12,4
30-Jan,CI,5,4
30-Jan,CI,29,14
3-Feb,CI,36,17
3-Feb,CI,31,24
18-Dec,UU,23,20
19-Dec,UU,11,8
19-Dec,UU,12,12
19-Dec,UU,5,2
20-Dec,UU,31,23
20-Dec,UU,39,38
20-Dec,UU,25,20
20-Dec,UU,13,12
20-Dec,UU,19,17
20-Dec,UU,14,13
21-Dec,UU,13,13
21-Dec,UU,45,22
21-Dec,UU,34,22
21-Dec,UU,32,19
25-Jan,UU,12,8
25-Jan,UU,6,5
26-Jan,UU,22,20
26-Jan,UU,11,6
26-Jan,UU,26,21
26-Jan,UU,9,8
26-Jan,UU,12,10
27-Jan,UU,15,10
27-Jan,UU,10,10
27-Jan,UU,10,5
30-Jan,UU,34,20
30-Jan,UU,5,2
30-Jan,UU,47,28
30-Jan,UU,28,24
3-Feb,UU,26,11
3-Feb,UU,38,32